date,name,match_points,match_percentage
2025-07-02,"""Da Cruz, David""",150.0000,100.0000%
2025-07-02,"""Rabie, Theo""",131.9755,87.9837%
2025-07-02,"""Morris, Bevan""",120.3118,80.2079%
2025-07-02,"""De Gouveia, Roberto""",112.6650,75.1100%
2025-07-02,"""De Gouveia, Roberto (P)""",98.1508,65.4339%
2025-07-02,"""Plein, Aubrey""",93.0970,62.0647%
2025-07-02,"""Gillespie, Josh""",92.1418,61.4279%
2025-07-02,"""Plein, Noah""",88.7456,59.1637%
2025-07-02,"""Moolman, Adrian""",86.9674,57.9783%
2025-07-02,"""Hepton, Harry""",83.1587,55.4391%
2025-07-02,"""Bishop, Mark""",81.6643,54.4429%
2025-07-02,"""Rowe, Connor""",79.9095,53.2730%
2025-07-02,"""Naidoo, Saven""",71.5381,47.6921%
2025-07-02,"""Wei, Darren""",68.6525,45.7683%
2025-07-02,"""Gxagxa, Muzi""",66.7682,44.5121%
2025-07-02,"""Du Plooy, Dewald""",58.4570,38.9713%
2025-07-02,"""Rabie, Theo""",57.7750,38.5167%
2025-07-02,"""Smith, Sheldon""",57.7718,38.5145%
2025-07-02,"""Coetzee, Desmond""",57.6694,38.4463%
2025-07-02,"""Da Silva, Alexia""",54.2559,36.1706%
2025-07-02,"""Docrat, Mohammed""",53.9282,35.9521%
2025-07-02,"""Knox, Nobby""",52.5298,35.0199%
2025-07-02,"""Dineka, Vuyisile""",47.6125,31.7417%
2025-07-02,"""Khumalo, Sabelo""",42.6719,28.4479%
2025-07-02,"""Chemaly, Daniel""",35.5832,23.7221%
2025-07-02,"""Bardenhorst, Jeandre""",28.2923,18.8615%
2025-07-02,"""Levinrad, Dayne""",25.3304,16.8869%
2025-07-02,"""Veysel, Karan""",17.0627,11.3751%
2025-07-02,"""Jones, Nicholas""",14.1149,9.4099%
2025-07-02,"""Hartzenberg, Byron""",13.8499,9.2333%
2025-07-02,"""Wood, Jonathan""",12.9088,8.6059%
2025-07-02,"""Rahman, Aqeel""",11.5790,7.7193%
2025-07-02,"""Msibi, Jabulani""",9.7931,6.5287%
2025-07-02,"""Dodge, Dave""",8.7948,5.8632%
2025-07-02,"""Mabaso, Siphiwe""",8.7648,5.8432%
2025-07-02,"""Tshabalala, Dumisani Alexius""",5.5364,3.6909%
2025-07-02,"""Docrat, Mohammed""",0.0000,0.0000%
2025-07-02,"""Name""",Stage Pts,Stage %
2025-07-02,"""Plein, Aubrey""",75.0000,100.00%
2025-07-02,"""Name""",Stage Pts,Stage %
2025-07-02,"""Da Cruz, David""",75.0000,100.00%
2025-07-02,"""Rabie, Theo""",69.9061,93.21%
2025-07-02,"""Morris, Bevan""",59.4086,79.21%
2025-07-02,"""Hepton, Harry""",40.2155,53.62%
2025-07-02,"""Wei, Darren""",36.3695,48.49%
2025-07-02,"""Rowe, Connor""",33.0990,44.13%
2025-07-02,"""Name""",Stage Pts,Stage %
2025-07-02,"""Plein, Noah 2""",75.0000,100.00%
2025-07-02,"""De Gouveia, Roberto (P)""",72.5460,96.73%
2025-07-02,"""Plein, Noah""",69.9832,93.31%
2025-07-02,"""Moolman, Adrian""",69.8853,93.18%
2025-07-02,"""Dodge, Dave 2""",65.5460,87.39%
2025-07-02,"""Gxagxa, Muzi""",47.6010,63.47%
2025-07-02,"""Dineka, Vuyisile 2""",43.7302,58.31%
2025-07-02,"""Coetzee, Desmond""",41.3537,55.14%
2025-07-02,"""Da Silva, Alexia""",40.4481,53.93%
2025-07-02,"""Khumalo, Sabelo""",37.3199,49.76%
2025-07-02,"""Knox, Nobby""",31.4062,41.87%
2025-07-02,"""Gxagxa, Muzi 2""",29.9370,39.92%
2025-07-02,"""Dineka, Vuyisile""",24.5127,32.68%
2025-07-02,"""Docrat, Mohammed""",23.3101,31.08%
2025-07-02,"""Jones, Nicholas""",20.5309,27.37%
2025-07-02,"""Rahman, Aqeel""",14.4559,19.27%
2025-07-02,"""Levinrad, Dayne""",13.7600,18.35%
2025-07-02,"""Levinrad, Dayne 2""",13.7167,18.29%
2025-07-02,"""Chemaly, Daniel""",11.5130,15.35%
2025-07-02,"""Tshabalala, Dumisani Alexius""",8.2865,11.05%
2025-07-02,"""Hartzenberg, Byron""",7.6396,10.19%
2025-07-02,"""Wood, Jonathan""",4.4841,5.98%
2025-07-02,"""Msibi, Jabulani""",0.0000,0.00%
2025-07-02,"""Docrat, Mohammed""",0.0000,0.00%
2025-07-02,"""Dodge, Dave""",0.0000,0.00%
2025-07-02,"""Mabaso, Siphiwe""",0.0000,0.00%
2025-07-02,"""Name""",Stage Pts,Stage %
2025-07-02,"""De Gouveia, Roberto 2""",75.0000,100.00%
2025-07-02,"""Da Silva, Alexia 2""",67.5039,90.01%
2025-07-02,"""X, Ghost""",60.6221,80.83%
2025-07-02,"""De Gouveia, Roberto""",45.6786,60.90%
2025-07-02,"""Gillespie, Josh 3""",42.6507,56.87%
2025-07-02,"""Gillespie, Josh 2""",40.6462,54.19%
2025-07-02,"""Gillespie, Josh""",40.1257,53.50%
2025-07-02,"""Bishop, Mark""",32.4658,43.29%
2025-07-02,"""Smith, Sheldon""",27.7991,37.07%
2025-07-02,"""Du Plooy, Dewald""",27.1056,36.14%
2025-07-02,"""Rabie, Theo""",17.9593,23.95%
2025-07-02,"""Bardenhorst, Jeandre""",10.8462,14.46%
2025-07-02,"""Name""",Stage Pts,Stage %
2025-07-02,"""Naidoo, Saven""",75.0000,100.00%
2025-07-02,"""Naidoo, Saven 2""",30.2826,40.38%
2025-07-02,"""Veysel, Karan""",21.7752,29.03%
2025-07-02,"""Name""",Stage Pts,Stage %
2025-07-02,"""De Gouveia, Roberto 2""",75.0000,100.00%
2025-07-02,"""Da Cruz, David""",70.8489,94.47%
2025-07-02,"""Da Silva, Alexia 2""",67.5039,90.01%
2025-07-02,"""Rabie, Theo""",66.0369,88.05%
2025-07-02,"""X, Ghost""",60.6221,80.83%
2025-07-02,"""Morris, Bevan""",56.1205,74.83%
2025-07-02,"""De Gouveia, Roberto""",45.6786,60.90%
2025-07-02,"""Plein, Noah 2""",45.1076,60.14%
2025-07-02,"""De Gouveia, Roberto (P)""",43.6317,58.18%
2025-07-02,"""Gillespie, Josh 3""",42.6507,56.87%
2025-07-02,"""Plein, Noah""",42.0903,56.12%
2025-07-02,"""Moolman, Adrian""",42.0315,56.04%
2025-07-02,"""Gillespie, Josh 2""",40.6462,54.19%
2025-07-02,"""Gillespie, Josh""",40.1257,53.50%
2025-07-02,"""Dodge, Dave 2""",39.4216,52.56%
2025-07-02,"""Plein, Aubrey""",38.1504,50.87%
2025-07-02,"""Hepton, Harry""",37.9897,50.65%
2025-07-02,"""Wei, Darren""",34.3565,45.81%
2025-07-02,"""Naidoo, Saven""",32.8255,43.77%
2025-07-02,"""Bishop, Mark""",32.4658,43.29%
2025-07-02,"""Rowe, Connor""",31.2670,41.69%
2025-07-02,"""Gxagxa, Muzi""",28.6289,38.17%
2025-07-02,"""Smith, Sheldon""",27.7991,37.07%
2025-07-02,"""Du Plooy, Dewald""",27.1056,36.14%
2025-07-02,"""Dineka, Vuyisile 2""",26.3009,35.07%
2025-07-02,"""Coetzee, Desmond""",24.8716,33.16%
2025-07-02,"""Da Silva, Alexia""",24.3269,32.44%
2025-07-02,"""Khumalo, Sabelo""",22.4455,29.93%
2025-07-02,"""Knox, Nobby""",18.8888,25.19%
2025-07-02,"""Gxagxa, Muzi 2""",18.0052,24.01%
2025-07-02,"""Rabie, Theo""",17.9593,23.95%
2025-07-02,"""Dineka, Vuyisile""",14.7428,19.66%
2025-07-02,"""Docrat, Mohammed""",14.0195,18.69%
2025-07-02,"""Naidoo, Saven 2""",13.2539,17.67%
2025-07-02,"""Jones, Nicholas""",12.3480,16.46%
2025-07-02,"""Bardenhorst, Jeandre""",10.8462,14.46%
2025-07-02,"""Veysel, Karan""",9.5304,12.71%
2025-07-02,"""Rahman, Aqeel""",8.6943,11.59%
2025-07-02,"""Levinrad, Dayne""",8.2757,11.03%
2025-07-02,"""Levinrad, Dayne 2""",8.2497,11.00%
2025-07-02,"""Chemaly, Daniel""",6.9243,9.23%
2025-07-02,"""Tshabalala, Dumisani Alexius""",4.9838,6.65%
2025-07-02,"""Hartzenberg, Byron""",4.5947,6.13%
2025-07-02,"""Wood, Jonathan""",2.6969,3.60%
2025-07-02,"""Msibi, Jabulani""",0.0000,0.00%
2025-07-02,"""Docrat, Mohammed""",0.0000,0.00%
2025-07-02,"""Dodge, Dave""",0.0000,0.00%
2025-07-02,"""Mabaso, Siphiwe""",0.0000,0.00%
2025-07-02,"""Name""",Stage Pts,Stage %
2025-07-02,"""Plein, Aubrey""",75.0000,100.00%
2025-07-02,"""Name""",Stage Pts,Stage %
2025-07-02,"""Da Cruz, David""",75.0000,100.00%
2025-07-02,"""Rabie, Theo""",62.0694,82.76%
2025-07-02,"""Morris, Bevan""",60.9032,81.20%
2025-07-02,"""Rowe, Connor""",46.8105,62.41%
2025-07-02,"""Hepton, Harry""",42.9432,57.26%
2025-07-02,"""Wei, Darren""",32.2830,43.04%
2025-07-02,"""Name""",Stage Pts,Stage %
2025-07-02,"""Gxagxa, Muzi 2""",75.0000,100.00%
2025-07-02,"""Plein, Noah 2""",65.6693,87.56%
2025-07-02,"""De Gouveia, Roberto (P)""",64.7810,86.37%
2025-07-02,"""Plein, Noah""",55.0898,73.45%
2025-07-02,"""Moolman, Adrian""",52.9508,70.60%
2025-07-02,"""Docrat, Mohammed""",48.7296,64.97%
2025-07-02,"""Gxagxa, Muzi""",45.4565,60.61%
2025-07-02,"""Knox, Nobby""",40.5600,54.08%
2025-07-02,"""Dineka, Vuyisile""",39.9012,53.20%
2025-07-02,"""Coetzee, Desmond""",39.0718,52.10%
2025-07-02,"""Da Silva, Alexia""",35.5352,47.38%
2025-07-02,"""Chemaly, Daniel""",35.2229,46.96%
2025-07-02,"""Levinrad, Dayne 2""",32.2362,42.98%
2025-07-02,"""Dodge, Dave 2""",27.8767,37.17%
2025-07-02,"""Khumalo, Sabelo""",23.5764,31.44%
2025-07-02,"""Levinrad, Dayne""",20.6573,27.54%
2025-07-02,"""Dineka, Vuyisile 2""",18.9308,25.24%
2025-07-02,"""Wood, Jonathan""",12.5341,16.71%
2025-07-02,"""Msibi, Jabulani""",12.2089,16.28%
2025-07-02,"""Hartzenberg, Byron""",11.2027,14.94%
2025-07-02,"""Dodge, Dave""",10.9643,14.62%
2025-07-02,"""Mabaso, Siphiwe""",10.9269,14.57%
2025-07-02,"""Rahman, Aqeel""",2.9612,3.95%
2025-07-02,"""Jones, Nicholas""",1.3008,1.73%
2025-07-02,"""Tshabalala, Dumisani Alexius""",0.3248,0.43%
2025-07-02,"""Docrat, Mohammed""",0.0000,0.00%
2025-07-02,"""Name""",Stage Pts,Stage %
2025-07-02,"""De Gouveia, Roberto""",75.0000,100.00%
2025-07-02,"""Da Silva, Alexia 2""",72.1908,96.25%
2025-07-02,"""X, Ghost""",71.8797,95.84%
2025-07-02,"""De Gouveia, Roberto 2""",63.5930,84.79%
2025-07-02,"""Gillespie, Josh""",57.9207,77.23%
2025-07-02,"""Gillespie, Josh 2""",56.8967,75.86%
2025-07-02,"""Gillespie, Josh 3""",55.8847,74.51%
2025-07-02,"""Bishop, Mark""",55.1580,73.54%
2025-07-02,"""Rabie, Theo""",45.2068,60.28%
2025-07-02,"""Du Plooy, Dewald""",34.7107,46.28%
2025-07-02,"""Smith, Sheldon""",33.0554,44.07%
2025-07-02,"""Bardenhorst, Jeandre""",19.6050,26.14%
2025-07-02,"""Name""",Stage Pts,Stage %
2025-07-02,"""Naidoo, Saven 2""",75.0000,100.00%
2025-07-02,"""Naidoo, Saven""",73.3668,97.82%
2025-07-02,"""Veysel, Karan""",13.9077,18.54%
2025-07-02,"""Name""",Stage Pts,Stage %
2025-07-02,"""Da Cruz, David""",75.0000,100.00%
2025-07-02,"""De Gouveia, Roberto""",64.3100,85.75%
2025-07-02,"""Rabie, Theo""",62.0694,82.76%
2025-07-02,"""Da Silva, Alexia 2""",61.9012,82.53%
2025-07-02,"""X, Ghost""",61.6345,82.18%
2025-07-02,"""Morris, Bevan""",60.9032,81.20%
2025-07-02,"""Gxagxa, Muzi 2""",60.1596,80.21%
2025-07-02,"""De Gouveia, Roberto 2""",54.5289,72.71%
2025-07-02,"""Plein, Aubrey""",52.7113,70.28%
2025-07-02,"""Plein, Noah 2""",52.6752,70.23%
2025-07-02,"""De Gouveia, Roberto (P)""",51.9627,69.28%
2025-07-02,"""Gillespie, Josh""",49.6651,66.22%
2025-07-02,"""Gillespie, Josh 2""",48.7871,65.05%
2025-07-02,"""Gillespie, Josh 3""",47.9193,63.89%
2025-07-02,"""Bishop, Mark""",47.2962,63.06%
2025-07-02,"""Rowe, Connor""",46.8105,62.41%
2025-07-02,"""Plein, Noah""",44.1891,58.92%
2025-07-02,"""Hepton, Harry""",42.9432,57.26%
2025-07-02,"""Moolman, Adrian""",42.4733,56.63%
2025-07-02,"""Docrat, Mohammed""",39.0873,52.12%
2025-07-02,"""Rabie, Theo""",38.7634,51.68%
2025-07-02,"""Naidoo, Saven 2""",37.6083,50.14%
2025-07-02,"""Naidoo, Saven""",36.7893,49.05%
2025-07-02,"""Gxagxa, Muzi""",36.4619,48.62%
2025-07-02,"""Knox, Nobby""",32.5343,43.38%
2025-07-02,"""Wei, Darren""",32.2830,43.04%
2025-07-02,"""Dineka, Vuyisile""",32.0059,42.67%
2025-07-02,"""Coetzee, Desmond""",31.3406,41.79%
2025-07-02,"""Du Plooy, Dewald""",29.7633,39.68%
2025-07-02,"""Da Silva, Alexia""",28.5037,38.00%
2025-07-02,"""Smith, Sheldon""",28.3439,37.79%
2025-07-02,"""Chemaly, Daniel""",28.2532,37.67%
2025-07-02,"""Levinrad, Dayne 2""",25.8576,34.48%
2025-07-02,"""Dodge, Dave 2""",22.3607,29.81%
2025-07-02,"""Khumalo, Sabelo""",18.9113,25.22%
2025-07-02,"""Bardenhorst, Jeandre""",16.8106,22.41%
2025-07-02,"""Levinrad, Dayne""",16.5698,22.09%
2025-07-02,"""Dineka, Vuyisile 2""",15.1849,20.25%
2025-07-02,"""Wood, Jonathan""",10.0539,13.41%
2025-07-02,"""Msibi, Jabulani""",9.7931,13.06%
2025-07-02,"""Hartzenberg, Byron""",8.9860,11.98%
2025-07-02,"""Dodge, Dave""",8.7948,11.73%
2025-07-02,"""Mabaso, Siphiwe""",8.7648,11.69%
2025-07-02,"""Veysel, Karan""",6.9739,9.30%
2025-07-02,"""Rahman, Aqeel""",2.3753,3.17%
2025-07-02,"""Jones, Nicholas""",1.0434,1.39%
2025-07-02,"""Tshabalala, Dumisani Alexius""",0.2606,0.35%
2025-07-02,"""Docrat, Mohammed""",0.0000,0.00%
2025-07-02,"""Da Cruz, David""",196.7368,100.0000%
2025-07-02,"""Plein, Noah""",185.0578,94.0636%
2025-07-02,"""De Gouveia, Roberto""",183.7058,93.3764%
2025-07-02,"""Goncalves, Francisco""",165.7285,84.2387%
2025-07-02,"""Rabie, Theo""",161.6919,82.1869%
2025-07-02,"""Morris, Bevan""",149.0093,75.7404%
2025-07-02,"""Knox, Nobby""",144.3264,73.3601%
2025-07-02,"""Bishop, Mark""",143.1773,72.7761%
2025-07-02,"""Gillespie, Josh""",140.7243,71.5292%
2025-07-02,"""Blignaut, Dewald""",135.1159,68.6785%
2025-07-02,"""Wei, Darren""",134.1620,68.1936%
2025-07-02,"""Moolman, Adrian""",133.9355,68.0785%
2025-07-02,"""Plein, Aubrey""",126.2496,64.1718%
2025-07-02,"""Ngcobo, Thabo""",125.3850,63.7324%
2025-07-02,"""Horton, Mike""",123.1293,62.5858%
2025-07-02,"""Coetzee, Desmond""",121.2144,61.6125%
2025-07-02,"""X, Leehleza""",119.6657,60.8253%
2025-07-02,"""Gxagxa, Muzi""",118.8461,60.4087%
2025-07-02,"""Ferreira, Johan""",113.5324,57.7078%
2025-07-02,"""Goncalves, Francisco2""",111.3332,56.5899%
2025-07-02,"""Mthembu, Jacob""",108.4911,55.1453%
2025-07-02,"""Mj, Mj""",107.6186,54.7018%
2025-07-02,"""Gyarmati, Marlyn""",103.9995,52.8623%
2025-07-02,"""Naidoo, Saven""",102.7542,52.2293%
2025-07-02,"""Mqaise, Rudy""",100.6828,51.1764%
2025-07-02,"""Du Plooy, Dewald""",99.3152,50.4813%
2025-07-02,"""Coetzer, Jared""",96.9938,49.3013%
2025-07-02,"""Dias, Vic Senior""",93.9032,47.7304%
2025-07-02,"""Veysel, Karan""",93.1895,47.3676%
2025-07-02,"""Dias, Miguel""",90.9715,46.2402%
2025-07-02,"""Phaedi, Tiiso""",89.5083,45.4965%
2025-07-02,"""Bishop, Steven""",86.6420,44.0395%
2025-07-02,"""Msibi, Jabulani""",86.4943,43.9645%
2025-07-02,"""Lodge, Athelio""",86.2697,43.8503%
2025-07-02,"""Masike, Tebogo""",81.8888,41.6235%
2025-07-02,"""Goncalves, Rory""",80.8324,41.0866%
2025-07-02,"""Sukazi, Lindelihle""",75.5165,38.3845%
2025-07-02,"""Subotzky, Ryan""",74.5728,37.9049%
2025-07-02,"""Halim, Aadil""",74.2850,37.7586%
2025-07-02,"""Titizana, Zanemvula""",71.7893,36.4900%
2025-07-02,"""Levinrad, Dayne""",69.8594,35.5091%
2025-07-02,"""Maduna, Thabiso""",63.7371,32.3971%
2025-07-02,"""Van Schoor, Floyd""",59.9408,30.4675%
2025-07-02,"""Motloung, Sanele""",56.5614,28.7498%
2025-07-02,"""Blignaut, Nicole""",49.0052,24.9090%
2025-07-02,"""Ditsela, Richard""",47.8789,24.3365%
2025-07-02,"""Molefe, Kgotso""",38.9323,19.7890%
2025-07-02,"""Alho, Gabz""",28.5791,14.5266%
2025-07-02,"""Maluleka, Nkateko""",4.6020,2.3392%
2025-07-02,"""Coetzee, Marcel""",0.0000,0.0000%
2025-06-25,"""De Gouveia, Roberto 3""",199.8640,100.0000%
2025-06-25,"""Da Cruz, David""",196.5465,98.3401%
2025-06-25,"""Plein, Noah""",184.9127,92.5193%
2025-06-25,"""De Gouveia, Roberto""",183.5532,91.8391%
2025-06-25,"""Moolman, Adrian 4""",172.5752,86.3463%
2025-06-25,"""Moolman, Adrian 3""",172.5399,86.3287%
2025-06-25,"""Moolman, Adrian 2""",169.9182,85.0169%
2025-06-25,"""Gillespie, Josh 2""",169.0185,84.5668%
2025-06-25,"""Goncalves, Francisco""",165.5761,82.8444%
2025-06-25,"""X, Ghost""",163.6923,81.9018%
2025-06-25,"""Rabie, Theo""",161.5508,80.8304%
2025-06-25,"""De Gouveia, Roberto 2""",152.2682,76.1859%
2025-06-25,"""Morris, Bevan""",148.8575,74.4794%
2025-06-25,"""Knox, Nobby""",144.1965,72.1473%
2025-06-25,"""Bishop, Mark""",143.0452,71.5713%
2025-06-25,"""Gillespie, Josh""",140.6148,70.3552%
2025-06-25,"""Blignaut, Dewald""",134.9904,67.5411%
2025-06-25,"""Wei, Darren""",134.0576,67.0744%
2025-06-25,"""Moolman, Adrian""",133.8185,66.9548%
2025-06-25,"""Mj, Mj 2""",129.7756,64.9320%
2025-06-25,"""Plein, Aubrey""",126.1228,63.1043%
2025-06-25,"""Ngcobo, Thabo""",125.2858,62.6855%
2025-06-25,"""Horton, Mike""",122.9933,61.5385%
2025-06-25,"""Coetzee, Desmond""",121.1115,60.5970%
2025-06-25,"""X, Leehleza""",119.5645,59.8229%
2025-06-25,"""Gxagxa, Muzi""",118.7431,59.4120%
2025-06-25,"""Naidoo, Saven 2""",116.9375,58.5085%
2025-06-25,"""Ferreira, Johan""",113.4534,56.7653%
2025-06-25,"""Goncalves, Francisco2""",111.2187,55.6472%
2025-06-25,"""Mthembu, Jacob""",108.3746,54.2242%
2025-06-25,"""X, Leehleza 2""",108.3471,54.2104%
2025-06-25,"""Mj, Mj""",107.5132,53.7932%
2025-06-25,"""Gyarmati, Marlyn""",103.9027,51.9867%
2025-06-25,"""Naidoo, Saven""",102.6495,51.3597%
2025-06-25,"""Mqaise, Rudy""",100.5902,50.3293%
2025-06-25,"""Du Plooy, Dewald""",99.2154,49.6415%
2025-06-25,"""Coetzer, Jared""",96.9013,48.4836%
2025-06-25,"""Ferreira, Johan 2""",94.2146,47.1394%
2025-06-25,"""Dias, Vic Senior""",93.8167,46.9403%
2025-06-25,"""Veysel, Karan""",93.1031,46.5832%
2025-06-25,"""Dias, Miguel""",90.8834,45.4726%
2025-06-25,"""Phaedi, Tiiso""",89.4260,44.7434%
2025-06-25,"""Titizana, Zanemvula 2""",88.0814,44.0707%
2025-06-25,"""Bishop, Steven""",86.5662,43.3126%
2025-06-25,"""Msibi, Jabulani""",86.4167,43.2378%
2025-06-25,"""Lodge, Athelio""",86.1957,43.1272%
2025-06-25,"""Gxagxa, Muzi 2""",85.8832,42.9708%
2025-06-25,"""Masike, Tebogo""",81.8455,40.9506%
2025-06-25,"""Goncalves, Rory""",80.7523,40.4036%
2025-06-25,"""Sukazi, Lindelihle""",75.4737,37.7625%
2025-06-25,"""Subotzky, Ryan""",74.5149,37.2828%
2025-06-25,"""Levinrad, Dayne 2""",74.5014,37.2760%
2025-06-25,"""Halim, Aadil""",74.2337,37.1421%
2025-06-25,"""Titizana, Zanemvula""",71.7268,35.8878%
2025-06-25,"""Levinrad, Dayne""",69.8205,34.9340%
2025-06-25,"""Maduna, Thabiso""",63.6718,31.8576%
2025-06-25,"""Van Schoor, Floyd""",59.8813,29.9610%
2025-06-25,"""Motloung, Sanele""",56.5231,28.2808%
2025-06-25,"""Blignaut, Nicole""",48.9755,24.5044%
2025-06-25,"""Ditsela, Richard""",47.8789,23.9557%
2025-06-25,"""Molefe, Kgotso""",38.9145,19.4705%
2025-06-25,"""Alho, Gabz""",28.5273,14.2734%
2025-06-25,"""Maluleka, Nkateko""",4.6020,2.3026%
2025-06-25,"""Coetzee, Marcel""",0.0000,0.0000%
2025-06-11,"""De Gouveia, Roberto""",230.0000,100.0000%
2025-06-11,"""Plein, Noah""",209.2256,90.9677%
2025-06-11,"""Moolman, Adrian""",189.9625,82.5924%
2025-06-11,"""Ngcobo, Thabo""",177.4694,77.1606%
2025-06-11,"""Naidoo, Saven""",175.4115,76.2659%
2025-06-11,"""Gillespie, Josh""",166.7019,72.4791%
2025-06-11,"""Smith, Sheldon""",163.0211,70.8787%
2025-06-11,"""Dias, Vic""",158.1004,68.7393%
2025-06-11,"""Dias, Vic""",144.3611,62.7657%
2025-06-11,"""Mj, Mj""",142.1255,61.7937%
2025-06-11,"""Goncalves, Rory""",139.6542,60.7192%
2025-06-11,"""Horton, Mike""",135.7318,59.0138%
2025-06-11,"""Benecke, Sheldon""",133.9157,58.2242%
2025-06-11,"""Sukazi, Lindelihle""",133.0814,57.8615%
2025-06-11,"""Lodge, Athelio""",131.0139,56.9626%
2025-06-11,"""Ferreira, Johan""",129.5895,56.3433%
2025-06-11,"""Chamont, Brad""",126.3019,54.9139%
2025-06-11,"""Van Zyl, Walla""",126.0882,54.8210%
2025-06-11,"""Msibi, Jabulani""",125.2281,54.4470%
2025-06-11,"""Blignaut, Calvin""",119.3615,51.8963%
2025-06-11,"""Jones, Nicholas""",115.5857,50.2547%
2025-06-11,"""Dias-Chamont, Talia""",112.2068,48.7856%
2025-06-11,"""Goliath, Josh""",109.7402,47.7131%
2025-06-11,"""Plein, Aubrey""",100.3156,43.6155%
2025-06-11,"""Veysel, Karan""",95.0332,41.3188%
2025-06-11,"""Titizana, Zanemvula""",93.1747,40.5107%
2025-06-11,"""Du Plooy, Dewald""",92.4037,40.1755%
2025-06-11,"""Dodge, Dave""",87.5403,38.0610%
2025-06-11,"""Matee, Katlego""",76.7340,33.3626%
2025-06-11,"""Berman, Daniel""",71.7072,31.1770%
2025-06-11,"""Subotzky, Ryan""",69.5095,30.2215%
2025-06-11,"""Hume, Sarah""",67.5703,29.3784%
2025-06-11,"""Kaplan, Josh""",62.0791,26.9909%
2025-06-11,"""Motloung, Sanele""",59.6502,25.9349%
2025-06-11,"""Van Schoor, Floyd""",59.2794,25.7737%
2025-06-11,"""Martins, Jorge""",54.6830,23.7752%
2025-06-11,"""Mqaise, Rudy""",53.5606,23.2872%
2025-06-11,"""Khan, Mahomad""",40.2426,17.4968%
2025-06-11,"""Bvuma, Tshepo""",38.5281,16.7513%
2025-06-11,"""Eleshmawi, Faris""",37.5064,16.3071%
2025-06-11,"""Maxwell, Kyle""",33.0034,14.3493%
2025-06-11,"""Rahman, Ismaaeel""",21.4850,9.3413%
2025-06-11,"""(DQ) Levinrad, Dayne""",,
2025-06-11,"""(DQ) Rahman, Aqeel""",,
2025-06-11,"""Name""",Stage Pts,Stage %
2025-06-11,"""Plein, Aubrey""",0.0000,0.00%
2025-06-11,"""Name""",Stage Pts,Stage %
2025-06-11,"""Horton, Mike""",115.0000,100.00%
2025-06-11,"""Name""",Stage Pts,Stage %
2025-06-11,"""Moolman, Adrian 2""",115.0000,100.00%
2025-06-11,"""Moolman, Adrian""",112.1418,97.51%
2025-06-11,"""Plein, Noah""",108.8664,94.67%
2025-06-11,"""Gillespie, Josh 2""",99.3970,86.43%
2025-06-11,"""Ferreira, Johan 2""",89.8484,78.13%
2025-06-11,"""Gillespie, Josh""",87.4543,76.05%
2025-06-11,"""Ferreira, Johan""",71.3203,62.02%
2025-06-11,"""Lodge, Athelio""",62.0769,53.98%
2025-06-11,"""Van Zyl, Walla""",60.3048,52.44%
2025-06-11,"""Mj, Mj""",58.1873,50.60%
2025-06-11,"""Mqaise, Rudy""",55.3192,48.10%
2025-06-11,"""Msibi, Jabulani""",54.8820,47.72%
2025-06-11,"""Dodge, Dave""",53.4530,46.48%
2025-06-11,"""Jones, Nicholas""",50.4834,43.90%
2025-06-11,"""Benecke, Sheldon""",49.0650,42.67%
2025-06-11,"""Goliath, Josh""",48.2157,41.93%
2025-06-11,"""Kaplan, Josh""",41.8915,36.43%
2025-06-11,"""Van Schoor, Floyd""",36.6586,31.88%
2025-06-11,"""Hume, Sarah""",33.1252,28.80%
2025-06-11,"""Berman, Daniel""",32.8357,28.55%
2025-06-11,"""Matee, Katlego""",32.6820,28.42%
2025-06-11,"""Motloung, Sanele""",28.8013,25.04%
2025-06-11,"""Khan, Mahomad""",28.5977,24.87%
2025-06-11,"""Rahman, Ismaaeel""",22.1905,19.30%
2025-06-11,"""Subotzky, Ryan""",16.7204,14.54%
2025-06-11,"""Bvuma, Tshepo""",14.9921,13.04%
2025-06-11,"""Eleshmawi, Faris""",9.9820,8.68%
2025-06-11,"""Maxwell, Kyle""",0.0000,0.00%
2025-06-11,"""(DQ) Levinrad, Dayne""",,
2025-06-11,"""(DQ) Rahman, Aqeel""",,
2025-06-11,"""Name""",Stage Pts,Stage %
2025-06-11,"""De Gouveia, Roberto 2""",115.0000,100.00%
2025-06-11,"""De Gouveia, Roberto""",112.7213,98.02%
2025-06-11,"""De Gouveia, Roberto 4""",112.2263,97.59%
2025-06-11,"""De Gouveia, Roberto 3""",109.6904,95.38%
2025-06-11,"""Dias, Vic""",81.1688,70.58%
2025-06-11,"""Dias, Vic""",77.8251,67.67%
2025-06-11,"""Ngcobo, Thabo""",75.6937,65.82%
2025-06-11,"""X, Ghost""",71.7192,62.36%
2025-06-11,"""Smith, Sheldon""",69.8713,60.76%
2025-06-11,"""Dias, Vic 3""",67.1507,58.39%
2025-06-11,"""Blignaut, Calvin""",64.7067,56.27%
2025-06-11,"""Sukazi, Lindelihle""",59.9990,52.17%
2025-06-11,"""Titizana, Zanemvula""",59.2793,51.55%
2025-06-11,"""Sukazi, Lindelihle 2""",56.8173,49.41%
2025-06-11,"""Goncalves, Rory""",56.7520,49.35%
2025-06-11,"""Du Plooy, Dewald""",43.3708,37.71%
2025-06-11,"""Titizana, Zanemvula 2""",43.0483,37.43%
2025-06-11,"""Name""",Stage Pts,Stage %
2025-06-11,"""Chamont, Brad""",115.0000,100.00%
2025-06-11,"""Naidoo, Saven""",111.7117,97.14%
2025-06-11,"""Naidoo, Saven 2""",107.6590,93.62%
2025-06-11,"""Dias-Chamont, Talia""",78.8568,68.57%
2025-06-11,"""Martins, Jorge""",59.4356,51.68%
2025-06-11,"""Veysel, Karan""",52.9545,46.05%
2025-06-11,"""Name""",Stage Pts,Stage %
2025-06-11,"""De Gouveia, Roberto 2""",115.0000,100.00%
2025-06-11,"""De Gouveia, Roberto""",112.7213,98.02%
2025-06-11,"""De Gouveia, Roberto 4""",112.2263,97.59%
2025-06-11,"""De Gouveia, Roberto 3""",109.6904,95.38%
2025-06-11,"""Moolman, Adrian 2""",109.1379,94.90%
2025-06-11,"""Moolman, Adrian""",106.4254,92.54%
2025-06-11,"""Plein, Noah""",103.3170,89.84%
2025-06-11,"""Gillespie, Josh 2""",94.3303,82.03%
2025-06-11,"""Ferreira, Johan 2""",85.2684,74.15%
2025-06-11,"""Gillespie, Josh""",82.9963,72.17%
2025-06-11,"""Dias, Vic""",81.1688,70.58%
2025-06-11,"""Dias, Vic""",77.8251,67.67%
2025-06-11,"""Ngcobo, Thabo""",75.6937,65.82%
2025-06-11,"""X, Ghost""",71.7192,62.36%
2025-06-11,"""Chamont, Brad""",69.9616,60.84%
2025-06-11,"""Smith, Sheldon""",69.8713,60.76%
2025-06-11,"""Naidoo, Saven""",67.9611,59.10%
2025-06-11,"""Ferreira, Johan""",67.6848,58.86%
2025-06-11,"""Dias, Vic 3""",67.1507,58.39%
2025-06-11,"""Naidoo, Saven 2""",65.4956,56.95%
2025-06-11,"""Blignaut, Calvin""",64.7067,56.27%
2025-06-11,"""Sukazi, Lindelihle""",59.9990,52.17%
2025-06-11,"""Titizana, Zanemvula""",59.2793,51.55%
2025-06-11,"""Lodge, Athelio""",58.9126,51.23%
2025-06-11,"""Van Zyl, Walla""",57.2308,49.77%
2025-06-11,"""Sukazi, Lindelihle 2""",56.8173,49.41%
2025-06-11,"""Goncalves, Rory""",56.7520,49.35%
2025-06-11,"""Mj, Mj""",55.2213,48.02%
2025-06-11,"""Horton, Mike""",54.1629,47.10%
2025-06-11,"""Mqaise, Rudy""",52.4993,45.65%
2025-06-11,"""Msibi, Jabulani""",52.0844,45.29%
2025-06-11,"""Dodge, Dave""",50.7282,44.11%
2025-06-11,"""Dias-Chamont, Talia""",47.9734,41.72%
2025-06-11,"""Jones, Nicholas""",47.9100,41.66%
2025-06-11,"""Benecke, Sheldon""",46.5640,40.49%
2025-06-11,"""Goliath, Josh""",45.7579,39.79%
2025-06-11,"""Du Plooy, Dewald""",43.3708,37.71%
2025-06-11,"""Titizana, Zanemvula 2""",43.0483,37.43%
2025-06-11,"""Kaplan, Josh""",39.7561,34.57%
2025-06-11,"""Martins, Jorge""",36.1583,31.44%
2025-06-11,"""Van Schoor, Floyd""",34.7899,30.25%
2025-06-11,"""Veysel, Karan""",32.2155,28.01%
2025-06-11,"""Hume, Sarah""",31.4367,27.34%
2025-06-11,"""Berman, Daniel""",31.1620,27.10%
2025-06-11,"""Matee, Katlego""",31.0161,26.97%
2025-06-11,"""Motloung, Sanele""",27.3331,23.77%
2025-06-11,"""Khan, Mahomad""",27.1399,23.60%
2025-06-11,"""Rahman, Ismaaeel""",21.0593,18.31%
2025-06-11,"""Subotzky, Ryan""",15.8681,13.80%
2025-06-11,"""Bvuma, Tshepo""",14.2279,12.37%
2025-06-11,"""Eleshmawi, Faris""",9.4732,8.24%
2025-06-11,"""Plein, Aubrey""",0.0000,0.00%
2025-06-11,"""Maxwell, Kyle""",0.0000,0.00%
2025-06-11,"""(DQ) Levinrad, Dayne""",,
2025-06-11,"""(DQ) Rahman, Aqeel""",,
2025-06-11,"""Name""",Stage Pts,Stage %
2025-06-11,"""X, Ghost""",115.0000,100.00%
2025-06-11,"""De Gouveia, Roberto 2""",112.1580,97.53%
2025-06-11,"""De Gouveia, Roberto 3""",106.6266,92.72%
2025-06-11,"""De Gouveia, Roberto""",95.6761,83.20%
2025-06-11,"""De Gouveia, Roberto 4""",94.5997,82.26%
2025-06-11,"""Naidoo, Saven""",88.2522,76.74%
2025-06-11,"""Dias, Vic 3""",87.3046,75.92%
2025-06-11,"""Plein, Noah""",86.3748,75.11%
2025-06-11,"""Plein, Aubrey""",83.4592,72.57%
2025-06-11,"""Ngcobo, Thabo""",83.4009,72.52%
2025-06-11,"""Moolman, Adrian 2""",80.5808,70.07%
2025-06-11,"""Smith, Sheldon""",76.3225,66.37%
2025-06-11,"""Naidoo, Saven 2""",73.2628,63.71%
2025-06-11,"""Benecke, Sheldon""",71.8906,62.51%
2025-06-11,"""Mj, Mj""",71.3727,62.06%
2025-06-11,"""Sukazi, Lindelihle 2""",70.7951,61.56%
2025-06-11,"""Gillespie, Josh 2""",69.7151,60.62%
2025-06-11,"""Gillespie, Josh""",68.2443,59.34%
2025-06-11,"""Goncalves, Rory""",68.0173,59.15%
2025-06-11,"""Moolman, Adrian""",67.7100,58.88%
2025-06-11,"""Horton, Mike""",66.9516,58.22%
2025-06-11,"""Dias, Vic""",62.6394,54.47%
2025-06-11,"""Msibi, Jabulani""",59.9771,52.15%
2025-06-11,"""Sukazi, Lindelihle""",59.7929,51.99%
2025-06-11,"""Lodge, Athelio""",58.9951,51.30%
2025-06-11,"""Van Zyl, Walla""",56.3246,48.98%
2025-06-11,"""Jones, Nicholas""",55.4981,48.26%
2025-06-11,"""Dias, Vic""",54.0469,47.00%
2025-06-11,"""Dias-Chamont, Talia""",52.6332,45.77%
2025-06-11,"""Goliath, Josh""",52.4616,45.62%
2025-06-11,"""Veysel, Karan""",51.7204,44.97%
2025-06-11,"""Ferreira, Johan""",50.3642,43.79%
2025-06-11,"""Chamont, Brad""",45.6966,39.74%
2025-06-11,"""Blignaut, Calvin""",44.3828,38.59%
2025-06-11,"""Subotzky, Ryan""",44.3610,38.57%
2025-06-11,"""Titizana, Zanemvula 2""",43.0960,37.47%
2025-06-11,"""Ferreira, Johan 2""",40.9797,35.63%
2025-06-11,"""Du Plooy, Dewald""",40.0642,34.84%
2025-06-11,"""Matee, Katlego""",37.5141,32.62%
2025-06-11,"""Berman, Daniel""",33.2081,28.88%
2025-06-11,"""Dodge, Dave""",29.7733,25.89%
2025-06-11,"""Hume, Sarah""",29.5333,25.68%
2025-06-11,"""Maxwell, Kyle""",27.4577,23.88%
2025-06-11,"""Titizana, Zanemvula""",27.2028,23.65%
2025-06-11,"""Motloung, Sanele""",26.4270,22.98%
2025-06-11,"""Eleshmawi, Faris""",23.1633,20.14%
2025-06-11,"""Bvuma, Tshepo""",19.9777,17.37%
2025-06-11,"""Van Schoor, Floyd""",19.7893,17.21%
2025-06-11,"""Kaplan, Josh""",17.9033,15.57%
2025-06-11,"""Martins, Jorge""",14.8037,12.87%
2025-06-11,"""Khan, Mahomad""",10.4445,9.08%
2025-06-11,"""Mqaise, Rudy""",0.0000,0.00%
2025-06-11,"""Rahman, Ismaaeel""",0.0000,0.00%
2025-06-11,"""(DQ) Levinrad, Dayne""",,
2025-06-11,"""(DQ) Rahman, Aqeel""",,
2025-06-11,"""Name""",Stage Pts,Stage %
2025-06-11,"""Plein, Aubrey""",115.0000,100.00%
2025-06-11,"""Name""",Stage Pts,Stage %
2025-06-11,"""Horton, Mike""",115.0000,100.00%
2025-06-11,"""Name""",Stage Pts,Stage %
2025-06-11,"""Plein, Noah""",115.0000,100.00%
2025-06-11,"""Moolman, Adrian 2""",107.2859,93.29%
2025-06-11,"""Benecke, Sheldon""",95.7156,83.23%
2025-06-11,"""Mj, Mj""",95.0261,82.63%
2025-06-11,"""Gillespie, Josh 2""",92.8192,80.71%
2025-06-11,"""Gillespie, Josh""",90.8610,79.01%
2025-06-11,"""Moolman, Adrian""",90.1496,78.39%
2025-06-11,"""Msibi, Jabulani""",79.8540,69.44%
2025-06-11,"""Lodge, Athelio""",78.5465,68.30%
2025-06-11,"""Van Zyl, Walla""",74.9909,65.21%
2025-06-11,"""Jones, Nicholas""",73.8906,64.25%
2025-06-11,"""Goliath, Josh""",69.8477,60.74%
2025-06-11,"""Ferreira, Johan""",67.0553,58.31%
2025-06-11,"""Subotzky, Ryan""",59.0625,51.36%
2025-06-11,"""Ferreira, Johan 2""",54.5606,47.44%
2025-06-11,"""Matee, Katlego""",49.9466,43.43%
2025-06-11,"""Berman, Daniel""",44.2136,38.45%
2025-06-11,"""Dodge, Dave""",39.6403,34.47%
2025-06-11,"""Hume, Sarah""",39.3208,34.19%
2025-06-11,"""Maxwell, Kyle""",36.5574,31.79%
2025-06-11,"""Motloung, Sanele""",35.1851,30.60%
2025-06-11,"""Eleshmawi, Faris""",30.8398,26.82%
2025-06-11,"""Bvuma, Tshepo""",26.5984,23.13%
2025-06-11,"""Van Schoor, Floyd""",26.3477,22.91%
2025-06-11,"""Kaplan, Josh""",23.8366,20.73%
2025-06-11,"""Khan, Mahomad""",13.9059,12.09%
2025-06-11,"""Mqaise, Rudy""",0.0000,0.00%
2025-06-11,"""Rahman, Ismaaeel""",0.0000,0.00%
2025-06-11,"""(DQ) Levinrad, Dayne""",,
2025-06-11,"""(DQ) Rahman, Aqeel""",,
2025-06-11,"""Name""",Stage Pts,Stage %
2025-06-11,"""X, Ghost""",115.0000,100.00%
2025-06-11,"""De Gouveia, Roberto 2""",112.1580,97.53%
2025-06-11,"""De Gouveia, Roberto 3""",106.6266,92.72%
2025-06-11,"""De Gouveia, Roberto""",95.6761,83.20%
2025-06-11,"""De Gouveia, Roberto 4""",94.5997,82.26%
2025-06-11,"""Dias, Vic 3""",87.3046,75.92%
2025-06-11,"""Ngcobo, Thabo""",83.4009,72.52%
2025-06-11,"""Smith, Sheldon""",76.3225,66.37%
2025-06-11,"""Sukazi, Lindelihle 2""",70.7951,61.56%
2025-06-11,"""Goncalves, Rory""",68.0173,59.15%
2025-06-11,"""Dias, Vic""",62.6394,54.47%
2025-06-11,"""Sukazi, Lindelihle""",59.7929,51.99%
2025-06-11,"""Dias, Vic""",54.0469,47.00%
2025-06-11,"""Blignaut, Calvin""",44.3828,38.59%
2025-06-11,"""Titizana, Zanemvula 2""",43.0960,37.47%
2025-06-11,"""Du Plooy, Dewald""",40.0642,34.84%
2025-06-11,"""Titizana, Zanemvula""",27.2028,23.65%
2025-06-11,"""Name""",Stage Pts,Stage %
2025-06-11,"""Naidoo, Saven""",115.0000,100.00%
2025-06-11,"""Naidoo, Saven 2""",95.4676,83.02%
2025-06-11,"""Dias-Chamont, Talia""",68.5855,59.64%
2025-06-11,"""Veysel, Karan""",67.3960,58.61%
2025-06-11,"""Chamont, Brad""",59.5465,51.78%
2025-06-11,"""Martins, Jorge""",19.2905,16.77%
2025-06-04,"""Plein, Noah""",204.3603,100.0000%
2025-06-04,"""Goncalves, Francisco""",203.5448,99.6009%
2025-06-04,"""De Gouveia, Roberto""",196.3811,96.0955%
2025-06-04,"""Da Cruz, David""",186.5438,91.2818%
2025-06-04,"""De Gouveia, Michael""",174.0505,85.1685%
2025-06-04,"""Ngcobo, Thabo""",168.4086,82.4077%
2025-06-04,"""Knox, Nobby""",156.5768,76.6180%
2025-06-04,"""Moolman, Adrian""",148.4587,72.6456%
2025-06-04,"""Seeger, Michael""",140.4485,68.7259%
2025-06-04,"""Chamont, Brad""",138.2755,67.6626%
2025-06-04,"""Gxagxa, Muzi""",135.7355,66.4197%
2025-06-04,"""Plein, Aubrey""",135.2162,66.1656%
2025-06-04,"""Goncalves, Rory""",128.2922,62.7775%
2025-06-04,"""Bishop, Mark""",124.8380,61.0872%
2025-06-04,"""Bishop, Steven""",119.9571,58.6988%
2025-06-04,"""Truter, Bernard""",117.3391,57.4178%
2025-06-04,"""Benecke, Sheldon""",114.8743,56.2117%
2025-06-04,"""Du Plooy, Dewald""",113.8762,55.7232%
2025-06-04,"""Smith, Gert""",108.7304,53.2052%
2025-06-04,"""Titizana, Zanemvula""",104.7723,51.2684%
2025-06-04,"""Knoetze, Luan""",98.1419,48.0240%
2025-06-04,"""Naidoo, Saven""",95.7545,46.8557%
2025-06-04,"""Dias-Chamont, Talia""",88.3416,43.2284%
2025-06-04,"""Titizana, Zanemvula""",84.9016,41.5451%
2025-06-04,"""Saks, Eli""",79.0846,38.6986%
2025-06-04,"""Levinrad, Dayne""",65.1359,31.8731%
2025-06-04,"""Hume, Allison""",64.5884,31.6052%
2025-06-04,"""Msibi, Jabulani""",60.8078,29.7552%
2025-06-04,"""Basson, Melanie""",56.7323,27.7609%
2025-06-04,"""Masike, Tebogo""",48.1611,23.5668%
2025-06-04,"""Gittins, Ashley""",43.2787,21.1776%
2025-06-04,"""Coetzee, Desmond""",38.8840,19.0272%
2025-06-04,"""Dercksen, Deon""",30.2283,14.7917%
2025-06-04,"""Hume, Sarah""",29.8616,14.6122%
2025-06-04,"""Khan, Mahomad""",18.9174,9.2569%
2025-06-04,"""Rahman, Aqeel""",18.6348,9.1186%
2025-06-04,"""Gittins, Bianca""",18.5568,9.0804%
2025-06-04,"""Mphahlele, Ramzie""",0.0000,0.0000%
2025-06-04,"""Moolman, Adrian 2""",212.8275,100.0000%
2025-06-04,"""Plein, Noah""",204.3603,96.0216%
2025-06-04,"""Goncalves, Francisco""",203.5448,95.6384%
2025-06-04,"""De Gouveia, Roberto""",196.3811,92.2724%
2025-06-04,"""Da Cruz, David""",186.5438,87.6502%
2025-06-04,"""De Gouveia, Michael""",174.0505,81.7801%
2025-06-04,"""Ngcobo, Thabo""",168.4086,79.1292%
2025-06-04,"""Gxagxa, Muzi 2""",160.6298,75.4742%
2025-06-04,"""Knox, Nobby""",156.5768,73.5698%
2025-06-04,"""Naidoo, Saven 2""",155.1170,72.8839%
2025-06-04,"""Moolman, Adrian""",148.4587,69.7554%
2025-06-04,"""Seeger, Michael""",140.4485,65.9917%
2025-06-04,"""Chamont, Brad""",138.2755,64.9707%
2025-06-04,"""Gxagxa, Muzi""",135.7355,63.7772%
2025-06-04,"""Plein, Aubrey""",135.2162,63.5332%
2025-06-04,"""Goncalves, Rory""",128.2922,60.2799%
2025-06-04,"""Bishop, Mark""",124.8380,58.6569%
2025-06-04,"""Bishop, Steven""",119.9571,56.3635%
2025-06-04,"""Truter, Bernard""",117.3391,55.1334%
2025-06-04,"""Benecke, Sheldon""",114.8743,53.9753%
2025-06-04,"""Du Plooy, Dewald""",113.8762,53.5063%
2025-06-04,"""Smith, Gert""",108.7304,51.0885%
2025-06-04,"""Titizana, Zanemvula""",104.7723,49.2287%
2025-06-04,"""Knoetze, Luan""",98.1419,46.1134%
2025-06-04,"""Naidoo, Saven""",95.7545,44.9916%
2025-06-04,"""Dias-Chamont, Talia""",88.3416,41.5085%
2025-06-04,"""Titizana, Zanemvula""",84.9016,39.8922%
2025-06-04,"""Saks, Eli""",79.0846,37.1590%
2025-06-04,"""Levinrad, Dayne""",65.1359,30.6050%
2025-06-04,"""Moolman, Adrian (Left Hand)""",64.5884,30.3478%
2025-06-04,"""Msibi, Jabulani""",60.8078,28.5714%
2025-06-04,"""Basson, Melanie""",56.7323,26.6565%
2025-06-04,"""Levinrad, Dayne 2""",54.1444,25.4405%
2025-06-04,"""Masike, Tebogo""",48.1611,22.6292%
2025-06-04,"""Gittins, Ashley""",43.2787,20.3351%
2025-06-04,"""Coetzee, Desmond""",38.8840,18.2702%
2025-06-04,"""Dercksen, Deon""",30.2283,14.2032%
2025-06-04,"""Hume, Sarah""",29.8616,14.0309%
2025-06-04,"""Khan, Mahomad""",18.9174,8.8886%
2025-06-04,"""Rahman, Aqeel""",18.6348,8.7558%
2025-06-04,"""Gittins, Bianca""",18.5568,8.7192%
2025-06-04,"""Mphahlele, Ramzie""",0.0000,0.0000%
2025-05-28,"""De Gouveia, Roberto""",230.0000,100.0000%
2025-05-28,"""Plein, Noah""",225.5229,98.0534%
2025-05-28,"""Goncalves, Francisco""",218.2286,94.8820%
2025-05-28,"""De Gouveia, Roberto (P)""",180.6650,78.5500%
2025-05-28,"""Moolman, Adrian""",173.7252,75.5327%
2025-05-28,"""Ngcobo, Thabo""",173.1522,75.2836%
2025-05-28,"""Plein, Aubrey""",157.4866,68.4724%
2025-05-28,"""Bishop, Mark""",148.0664,64.3767%
2025-05-28,"""Mthembu, Jacob""",143.0151,62.1805%
2025-05-28,"""Smith, Sheldon""",141.5422,61.5401%
2025-05-28,"""Naidoo, Saven""",139.0243,60.4453%
2025-05-28,"""Goncalves, Rory""",135.4517,58.8920%
2025-05-28,"""Morris, Bevan""",129.2608,56.2003%
2025-05-28,"""Chamont, Brad""",124.3933,54.0840%
2025-05-28,"""Bishop, Steven""",122.9712,53.4657%
2025-05-28,"""Bolton, Dayne""",121.6158,52.8764%
2025-05-28,"""Ferreira, Johan""",115.1451,50.0631%
2025-05-28,"""Mj, Mj""",112.8129,49.0491%
2025-05-28,"""Ditsela, Richard""",105.4717,45.8573%
2025-05-28,"""Sukazi, Lindelihle""",102.8565,44.7202%
2025-05-28,"""Bolton, Blake""",100.6055,43.7415%
2025-05-28,"""Dodge, Dave""",98.2443,42.7149%
2025-05-28,"""X, Zuluboy""",97.1099,42.2217%
2025-05-28,"""Gerin, Pino""",97.0305,42.1872%
2025-05-28,"""Msibi, Jabulani""",93.9295,40.8389%
2025-05-28,"""Goncalves, Rory""",90.7532,39.4579%
2025-05-28,"""Benecke, Sheldon""",84.6616,36.8094%
2025-05-28,"""Phaedi, Tiiso""",80.2526,34.8924%
2025-05-28,"""Dias-Chamont, Talia""",74.2581,32.2861%
2025-05-28,"""Miller, Glen""",51.0359,22.1895%
2025-05-28,"""Du Plooy, Dewald""",50.8423,22.1053%
2025-05-28,"""Goncalves, Cayla""",49.4771,21.5118%
2025-05-28,"""Masike, Tebogo""",22.4927,9.7794%
2025-05-28,"""Masondo, Musawenkosi""",15.2514,6.6310%
2025-05-28,"""Coetzee, Desmond""",14.1655,6.1589%
2025-05-28,"""Shongwe, Sipho""",0.0000,0.0000%
2025-05-28,"""Name""",Stage Pts,Stage %
2025-05-28,"""De Gouveia, Roberto 3""",115.0000,100.00%
2025-05-28,"""De Gouveia, Roberto""",113.4446,98.65%
2025-05-28,"""Plein, Noah 2""",110.4093,96.01%
2025-05-28,"""Plein, Noah""",109.3543,95.09%
2025-05-28,"""Goncalves, Francisco""",105.4703,91.71%
2025-05-28,"""Moolman, Adrian 4""",104.6595,91.01%
2025-05-28,"""Moolman, Adrian 3""",98.7040,85.83%
2025-05-28,"""Moolman, Adrian 2""",98.6334,85.77%
2025-05-28,"""Goncalves, Francisco2""",98.4616,85.62%
2025-05-28,"""De Gouveia, Roberto 2""",93.2618,81.10%
2025-05-28,"""De Gouveia, Roberto 4""",88.6772,77.11%
2025-05-28,"""Moolman, Adrian""",88.4976,76.95%
2025-05-28,"""Ngcobo, Thabo""",87.3769,75.98%
2025-05-28,"""De Gouveia, Roberto (P)""",85.6016,74.44%
2025-05-28,"""Ngcobo, Thabo 2""",82.8036,72.00%
2025-05-28,"""Mthembu, Jacob""",72.9745,63.46%
2025-05-28,"""Chamont, Brad 2""",71.6624,62.32%
2025-05-28,"""Plein, Aubrey""",71.1617,61.88%
2025-05-28,"""Sukazi, Lindelihle 2""",69.6132,60.53%
2025-05-28,"""Bishop, Mark""",66.6807,57.98%
2025-05-28,"""Naidoo, Saven""",64.1359,55.77%
2025-05-28,"""Goncalves, Rory""",63.5513,55.26%
2025-05-28,"""Bolton, Dayne""",62.9878,54.77%
2025-05-28,"""Naidoo, Saven 2""",62.9595,54.75%
2025-05-28,"""Benecke, Sheldon""",62.5219,54.37%
2025-05-28,"""Bishop, Steven""",62.0959,54.00%
2025-05-28,"""Chamont, Brad""",61.9187,53.84%
2025-05-28,"""Mj, Mj""",61.6245,53.59%
2025-05-28,"""X, Zuluboy""",60.4876,52.60%
2025-05-28,"""Phaedi, Tiiso 2""",57.2147,49.75%
2025-05-28,"""Smith, Sheldon""",56.6756,49.28%
2025-05-28,"""Bolton, Blake""",56.6727,49.28%
2025-05-28,"""Sukazi, Lindelihle""",55.8798,48.59%
2025-05-28,"""Morris, Bevan""",55.6674,48.41%
2025-05-28,"""Ferreira, Johan""",55.4662,48.23%
2025-05-28,"""Dodge, Dave""",52.9616,46.05%
2025-05-28,"""Goncalves, Rory""",51.8891,45.12%
2025-05-28,"""Ditsela, Richard""",47.5326,41.33%
2025-05-28,"""Phaedi, Tiiso""",46.9324,40.81%
2025-05-28,"""Msibi, Jabulani""",46.2969,40.26%
2025-05-28,"""Dias-Chamont, Talia""",44.8586,39.01%
2025-05-28,"""Dias-Chamont, Talia 2""",44.4178,38.62%
2025-05-28,"""Miller, Glen""",30.6950,26.69%
2025-05-28,"""Gerin, Pino""",27.4851,23.90%
2025-05-28,"""Masike, Tebogo""",22.1885,19.29%
2025-05-28,"""Coetzee, Desmond""",13.9739,12.15%
2025-05-28,"""Du Plooy, Dewald""",12.3059,10.70%
2025-05-28,"""Goncalves, Cayla""",5.4239,4.72%
2025-05-28,"""Masondo, Musawenkosi""",0.0000,0.00%
2025-05-28,"""Shongwe, Sipho""",0.0000,0.00%
2025-05-28,"""Name""",Stage Pts,Stage %
2025-05-28,"""Plein, Aubrey""",115.0000,100.00%
2025-05-28,"""Name""",Stage Pts,Stage %
2025-05-28,"""Phaedi, Tiiso 2""",115.0000,100.00%
2025-05-28,"""Morris, Bevan""",111.8899,97.30%
2025-05-28,"""Phaedi, Tiiso""",94.3329,82.03%
2025-05-28,"""Name""",Stage Pts,Stage %
2025-05-28,"""Goncalves, Rory""",115.0000,100.00%
2025-05-28,"""Name""",Stage Pts,Stage %
2025-05-28,"""Plein, Noah 2""",115.0000,100.00%
2025-05-28,"""Plein, Noah""",113.9012,99.04%
2025-05-28,"""Moolman, Adrian 4""",109.0111,94.79%
2025-05-28,"""Moolman, Adrian 3""",102.8080,89.40%
2025-05-28,"""Moolman, Adrian 2""",102.7344,89.33%
2025-05-28,"""Moolman, Adrian""",92.1773,80.15%
2025-05-28,"""De Gouveia, Roberto (P)""",89.1608,77.53%
2025-05-28,"""Mthembu, Jacob""",76.0087,66.09%
2025-05-28,"""Benecke, Sheldon""",65.1215,56.63%
2025-05-28,"""Bishop, Steven""",64.6778,56.24%
2025-05-28,"""Mj, Mj""",64.1868,55.81%
2025-05-28,"""X, Zuluboy""",63.0026,54.78%
2025-05-28,"""Bolton, Blake""",59.0290,51.33%
2025-05-28,"""Ferreira, Johan""",57.7724,50.24%
2025-05-28,"""Dodge, Dave""",55.1637,47.97%
2025-05-28,"""Ditsela, Richard""",49.5090,43.05%
2025-05-28,"""Msibi, Jabulani""",48.2219,41.93%
2025-05-28,"""Miller, Glen""",31.9713,27.80%
2025-05-28,"""Masike, Tebogo""",23.1110,20.10%
2025-05-28,"""Coetzee, Desmond""",14.5550,12.66%
2025-05-28,"""Goncalves, Cayla""",5.6494,4.91%
2025-05-28,"""Masondo, Musawenkosi""",0.0000,0.00%
2025-05-28,"""Shongwe, Sipho""",0.0000,0.00%
2025-05-28,"""Name""",Stage Pts,Stage %
2025-05-28,"""De Gouveia, Roberto 3""",115.0000,100.00%
2025-05-28,"""De Gouveia, Roberto""",113.4446,98.65%
2025-05-28,"""Goncalves, Francisco""",105.4703,91.71%
2025-05-28,"""Goncalves, Francisco2""",98.4616,85.62%
2025-05-28,"""De Gouveia, Roberto 2""",93.2618,81.10%
2025-05-28,"""De Gouveia, Roberto 4""",88.6772,77.11%
2025-05-28,"""Ngcobo, Thabo""",87.3769,75.98%
2025-05-28,"""Ngcobo, Thabo 2""",82.8036,72.00%
2025-05-28,"""Sukazi, Lindelihle 2""",69.6132,60.53%
2025-05-28,"""Bishop, Mark""",66.6807,57.98%
2025-05-28,"""Goncalves, Rory""",63.5513,55.26%
2025-05-28,"""Bolton, Dayne""",62.9878,54.77%
2025-05-28,"""Smith, Sheldon""",56.6756,49.28%
2025-05-28,"""Sukazi, Lindelihle""",55.8798,48.59%
2025-05-28,"""Gerin, Pino""",27.4851,23.90%
2025-05-28,"""Du Plooy, Dewald""",12.3059,10.70%
2025-05-28,"""Name""",Stage Pts,Stage %
2025-05-28,"""Chamont, Brad 2""",115.0000,100.00%
2025-05-28,"""Naidoo, Saven""",102.9218,89.50%
2025-05-28,"""Naidoo, Saven 2""",101.0340,87.86%
2025-05-28,"""Chamont, Brad""",99.3638,86.40%
2025-05-28,"""Dias-Chamont, Talia""",71.9867,62.60%
2025-05-28,"""Dias-Chamont, Talia 2""",71.2793,61.98%
2025-05-28,"""Name""",Stage Pts,Stage %
2025-05-28,"""Plein, Aubrey""",115.0000,100.00%
2025-05-28,"""Name""",Stage Pts,Stage %
2025-05-28,"""Morris, Bevan""",115.0000,100.00%
2025-05-28,"""Phaedi, Tiiso 2""",91.1388,79.25%
2025-05-28,"""Phaedi, Tiiso""",51.5969,44.87%
2025-05-28,"""Name""",Stage Pts,Stage %
2025-05-28,"""Goncalves, Rory""",115.0000,100.00%
2025-05-28,"""Name""",Stage Pts,Stage %
2025-05-28,"""Plein, Noah""",115.0000,100.00%
2025-05-28,"""Plein, Noah 2""",113.8456,99.00%
2025-05-28,"""Moolman, Adrian 2""",100.8624,87.71%
2025-05-28,"""De Gouveia, Roberto (P)""",94.1606,81.88%
2025-05-28,"""Moolman, Adrian""",84.2565,73.27%
2025-05-28,"""Moolman, Adrian 3""",84.1944,73.21%
2025-05-28,"""Mthembu, Jacob""",69.2391,60.21%
2025-05-28,"""Moolman, Adrian 4""",62.1784,54.07%
2025-05-28,"""Bishop, Steven""",60.1970,52.35%
2025-05-28,"""Ferreira, Johan""",59.0883,51.38%
2025-05-28,"""Ditsela, Richard""",57.4526,49.96%
2025-05-28,"""Mj, Mj""",50.4887,43.90%
2025-05-28,"""Msibi, Jabulani""",47.1334,40.99%
2025-05-28,"""Dodge, Dave""",44.6851,38.86%
2025-05-28,"""Goncalves, Cayla""",44.1056,38.35%
2025-05-28,"""Bolton, Blake""",43.2803,37.64%
2025-05-28,"""X, Zuluboy""",35.8963,31.21%
2025-05-28,"""Benecke, Sheldon""",21.3439,18.56%
2025-05-28,"""Miller, Glen""",19.9776,17.37%
2025-05-28,"""Masondo, Musawenkosi""",15.2954,13.30%
2025-05-28,"""Coetzee, Desmond""",0.0000,0.00%
2025-05-28,"""Masike, Tebogo""",0.0000,0.00%
2025-05-28,"""Shongwe, Sipho""",0.0000,0.00%
2025-05-28,"""Name""",Stage Pts,Stage %
2025-05-28,"""De Gouveia, Roberto 4""",115.0000,100.00%
2025-05-28,"""De Gouveia, Roberto 2""",105.6921,91.91%
2025-05-28,"""De Gouveia, Roberto""",103.7085,90.18%
2025-05-28,"""Goncalves, Francisco""",100.3827,87.29%
2025-05-28,"""Goncalves, Francisco2""",97.3320,84.64%
2025-05-28,"""De Gouveia, Roberto 3""",93.4704,81.28%
2025-05-28,"""Ngcobo, Thabo 2""",78.0697,67.89%
2025-05-28,"""Ngcobo, Thabo""",76.2728,66.32%
2025-05-28,"""Smith, Sheldon""",75.8330,65.94%
2025-05-28,"""Bishop, Mark""",72.5702,63.10%
2025-05-28,"""Sukazi, Lindelihle 2""",62.9714,54.76%
2025-05-28,"""Gerin, Pino""",62.3770,54.24%
2025-05-28,"""Bolton, Dayne""",52.0926,45.30%
2025-05-28,"""Sukazi, Lindelihle""",41.6732,36.24%
2025-05-28,"""Du Plooy, Dewald""",34.6005,30.09%
2025-05-28,"""Goncalves, Rory""",23.7452,20.65%
2025-05-28,"""Name""",Stage Pts,Stage %
2025-05-28,"""Naidoo, Saven""",115.0000,100.00%
2025-05-28,"""Naidoo, Saven 2""",113.7806,98.94%
2025-05-28,"""Chamont, Brad 2""",110.5568,96.14%
2025-05-28,"""Chamont, Brad""",95.7579,83.27%
2025-05-28,"""Dias-Chamont, Talia 2""",81.4369,70.81%
2025-05-28,"""Dias-Chamont, Talia""",44.7271,38.89%
2025-05-28,"""Name""",Stage Pts,Stage %
2025-05-28,"""De Gouveia, Roberto 4""",115.0000,100.00%
2025-05-28,"""De Gouveia, Roberto 2""",105.6921,91.91%
2025-05-28,"""De Gouveia, Roberto""",103.7085,90.18%
2025-05-28,"""Plein, Noah""",103.4102,89.92%
2025-05-28,"""Plein, Noah 2""",102.3721,89.02%
2025-05-28,"""Goncalves, Francisco""",100.3827,87.29%
2025-05-28,"""Goncalves, Francisco2""",97.3320,84.64%
2025-05-28,"""De Gouveia, Roberto 3""",93.4704,81.28%
2025-05-28,"""Moolman, Adrian 2""",90.6974,78.87%
2025-05-28,"""De Gouveia, Roberto (P)""",84.6710,73.63%
2025-05-28,"""Ngcobo, Thabo 2""",78.0697,67.89%
2025-05-28,"""Plein, Aubrey""",76.9690,66.93%
2025-05-28,"""Ngcobo, Thabo""",76.2728,66.32%
2025-05-28,"""Smith, Sheldon""",75.8330,65.94%
2025-05-28,"""Moolman, Adrian""",75.7651,65.88%
2025-05-28,"""Moolman, Adrian 3""",75.7092,65.83%
2025-05-28,"""Goncalves, Rory""",74.7163,64.97%
2025-05-28,"""Bishop, Mark""",72.5702,63.10%
2025-05-28,"""Naidoo, Saven""",66.7422,58.04%
2025-05-28,"""Naidoo, Saven 2""",66.0345,57.42%
2025-05-28,"""Morris, Bevan""",65.6792,57.11%
2025-05-28,"""Chamont, Brad 2""",64.1636,55.79%
2025-05-28,"""Sukazi, Lindelihle 2""",62.9714,54.76%
2025-05-28,"""Gerin, Pino""",62.3770,54.24%
2025-05-28,"""Mthembu, Jacob""",62.2611,54.14%
2025-05-28,"""Moolman, Adrian 4""",55.9120,48.62%
2025-05-28,"""Chamont, Brad""",55.5747,48.33%
2025-05-28,"""Bishop, Steven""",54.1303,47.07%
2025-05-28,"""Ferreira, Johan""",53.1333,46.20%
2025-05-28,"""Bolton, Dayne""",52.0926,45.30%
2025-05-28,"""Phaedi, Tiiso 2""",52.0516,45.26%
2025-05-28,"""Ditsela, Richard""",51.6625,44.92%
2025-05-28,"""Dias-Chamont, Talia 2""",47.2633,41.10%
2025-05-28,"""Mj, Mj""",45.4004,39.48%
2025-05-28,"""Msibi, Jabulani""",42.3833,36.86%
2025-05-28,"""Sukazi, Lindelihle""",41.6732,36.24%
2025-05-28,"""Dodge, Dave""",40.1817,34.94%
2025-05-28,"""Goncalves, Cayla""",39.6606,34.49%
2025-05-28,"""Bolton, Blake""",38.9185,33.84%
2025-05-28,"""Du Plooy, Dewald""",34.6005,30.09%
2025-05-28,"""X, Zuluboy""",32.2786,28.07%
2025-05-28,"""Phaedi, Tiiso""",29.4682,25.62%
2025-05-28,"""Dias-Chamont, Talia""",25.9581,22.57%
2025-05-28,"""Goncalves, Rory""",23.7452,20.65%
2025-05-28,"""Benecke, Sheldon""",19.1928,16.69%
2025-05-28,"""Miller, Glen""",17.9642,15.62%
2025-05-28,"""Masondo, Musawenkosi""",13.7539,11.96%
2025-05-28,"""Coetzee, Desmond""",0.0000,0.00%
2025-05-28,"""Masike, Tebogo""",0.0000,0.00%
2025-05-28,"""Shongwe, Sipho""",0.0000,0.00%
2025-05-28,"""De Gouveia, Roberto""",217.1531,100.0000%
2025-05-28,"""Plein, Noah 2""",212.7814,97.9868%
2025-05-28,"""Plein, Noah""",212.7645,97.9790%
2025-05-28,"""De Gouveia, Roberto 3""",208.4704,96.0016%
2025-05-28,"""Goncalves, Francisco""",205.8530,94.7963%
2025-05-28,"""De Gouveia, Roberto 4""",203.6772,93.7943%
2025-05-28,"""De Gouveia, Roberto 2""",198.9539,91.6192%
2025-05-28,"""Goncalves, Francisco2""",195.7936,90.1639%
2025-05-28,"""Moolman, Adrian 2""",189.3308,87.1877%
2025-05-28,"""Moolman, Adrian 3""",174.4132,80.3181%
2025-05-28,"""De Gouveia, Roberto (P)""",170.2726,78.4113%
2025-05-28,"""Moolman, Adrian""",164.2627,75.6437%
2025-05-28,"""Ngcobo, Thabo""",163.6497,75.3614%
2025-05-28,"""Ngcobo, Thabo 2""",160.8733,74.0829%
2025-05-28,"""Moolman, Adrian 4""",160.5715,73.9439%
2025-05-28,"""Plein, Aubrey""",148.1307,68.2149%
2025-05-28,"""Bishop, Mark""",139.2509,64.1257%
2025-05-28,"""Chamont, Brad 2""",135.8260,62.5485%
2025-05-28,"""Mthembu, Jacob""",135.2356,62.2766%
2025-05-28,"""Sukazi, Lindelihle 2""",132.5846,61.0558%
2025-05-28,"""Smith, Sheldon""",132.5086,61.0208%
2025-05-28,"""Naidoo, Saven""",130.8781,60.2700%
2025-05-28,"""Naidoo, Saven 2""",128.9940,59.4023%
2025-05-28,"""Goncalves, Rory""",126.6054,58.3024%
2025-05-28,"""Morris, Bevan""",121.3466,55.8807%
2025-05-28,"""Chamont, Brad""",117.4934,54.1063%
2025-05-28,"""Bishop, Steven""",116.2262,53.5227%
2025-05-28,"""Bolton, Dayne""",115.0804,52.9951%
2025-05-28,"""Phaedi, Tiiso 2""",109.2663,50.3176%
2025-05-28,"""Ferreira, Johan""",108.5995,50.0106%
2025-05-28,"""Mj, Mj""",107.0249,49.2855%
2025-05-28,"""Ditsela, Richard""",99.1951,45.6798%
2025-05-28,"""Sukazi, Lindelihle""",97.5530,44.9236%
2025-05-28,"""Bolton, Blake""",95.5912,44.0202%
2025-05-28,"""Dodge, Dave""",93.1433,42.8929%
2025-05-28,"""X, Zuluboy""",92.7662,42.7193%
2025-05-28,"""Dias-Chamont, Talia 2""",91.6811,42.2196%
2025-05-28,"""Gerin, Pino""",89.8621,41.3819%
2025-05-28,"""Msibi, Jabulani""",88.6802,40.8376%
2025-05-28,"""Goncalves, Rory""",87.2965,40.2004%
2025-05-28,"""Benecke, Sheldon""",81.7147,37.6300%
2025-05-28,"""Phaedi, Tiiso""",76.4006,35.1828%
2025-05-28,"""Dias-Chamont, Talia""",70.8167,32.6114%
2025-05-28,"""Miller, Glen""",48.6592,22.4078%
2025-05-28,"""Du Plooy, Dewald""",46.9064,21.6006%
2025-05-28,"""Goncalves, Cayla""",45.0845,20.7616%
2025-05-28,"""Masike, Tebogo""",22.1885,10.2179%
2025-05-28,"""Coetzee, Desmond""",13.9739,6.4350%
2025-05-28,"""Masondo, Musawenkosi""",13.7539,6.3337%
2025-05-28,"""Shongwe, Sipho""",0.0000,0.0000%
2025-06-18,"""Da Cruz, David""",220.0000,100.0000%
2025-06-18,"""Plein, Noah""",204.2833,92.8560%
2025-06-18,"""De Gouveia, Roberto 2""",201.4425,91.5648%
2025-06-18,"""Moolman, Adrian 2""",194.2181,88.2810%
2025-06-18,"""De Gouveia, Roberto""",177.7201,80.7819%
2025-06-18,"""Moolman, Adrian""",177.6968,80.7713%
2025-06-18,"""Mshove, Mbali""",176.3075,80.1398%
2025-06-18,"""Da Silva, Alexia""",176.2429,80.1104%
2025-06-18,"""X, Ghost""",172.7903,78.5410%
2025-06-18,"""Gillespie, Josh 2""",169.4551,77.0250%
2025-06-18,"""Ngcobo, Thabo""",164.1140,74.5973%
2025-06-18,"""Rabie, Theo""",158.2953,71.9524%
2025-06-18,"""Gillespie, Josh""",157.7112,71.6869%
2025-06-18,"""Ngcobo, Thabo 2""",157.3415,71.5189%
2025-06-18,"""Gxagxa, Muzi 2""",152.1481,69.1582%
2025-06-18,"""Ferreira, Johan 2""",151.9898,69.0863%
2025-06-18,"""Plein, Aubrey""",149.8492,68.1133%
2025-06-18,"""Naidoo, Saven""",143.8888,65.4040%
2025-06-18,"""Gxagxa, Canik""",126.2958,57.4072%
2025-06-18,"""Ferreira, Johan""",121.8467,55.3849%
2025-06-18,"""Morris, Bevan""",113.0674,51.3943%
2025-06-18,"""Naidoo, Saven 2""",109.5879,49.8127%
2025-06-18,"""Sukazi, Lindelihle 2""",107.7484,48.9765%
2025-06-18,"""Gxagxa, Muzi""",107.2566,48.7530%
2025-06-18,"""Goncalves, Rory""",106.2106,48.2775%
2025-06-18,"""Coetzee, Desmond""",103.8433,47.2015%
2025-06-18,"""Phaedi, Tiiso""",100.7958,45.8163%
2025-06-18,"""Du Plooy, Dewald""",100.6420,45.7464%
2025-06-18,"""Sukazi, Lindelihle""",99.8496,45.3862%
2025-06-18,"""Bishop, Steven""",95.8450,43.5659%
2025-06-18,"""Bishop, Mark""",94.1788,42.8085%
2025-06-18,"""Castegnaro, Giorgio""",90.4789,41.1268%
2025-06-18,"""Benecke, Sheldon""",86.4090,39.2768%
2025-06-18,"""Nkosi, Sihle""",83.2244,37.8293%
2025-06-18,"""Knox, Nobby""",83.0574,37.7534%
2025-06-18,"""Sukazi, Lindelihle 3""",81.2626,36.9375%
2025-06-18,"""Veysel, Karan""",77.2620,35.1191%
2025-06-18,"""Ntuli, Sibusiso2""",76.8399,34.9272%
2025-06-18,"""Levinrad, Dayne""",76.1433,34.6106%
2025-06-18,"""Nkosi, Sihle""",72.6552,33.0251%
2025-06-18,"""Ntuli, Sibusiso""",68.1726,30.9875%
2025-06-18,"""Masike, Tebogo""",41.4992,18.8633%
2025-06-18,"""Goncalves, Cayla""",11.8797,5.3999%
2025-06-25,"""Da Cruz, David""",196.7368,100.0000%
2025-06-25,"""Plein, Noah""",185.0578,94.0636%
2025-06-25,"""De Gouveia, Roberto""",183.7058,93.3764%
2025-06-25,"""Goncalves, Francisco""",165.7285,84.2387%
2025-06-25,"""Rabie, Theo""",161.6919,82.1869%
2025-06-25,"""Morris, Bevan""",149.0093,75.7404%
2025-06-25,"""Knox, Nobby""",144.3264,73.3601%
2025-06-25,"""Bishop, Mark""",143.1773,72.7761%
2025-06-25,"""Gillespie, Josh""",140.7243,71.5292%
2025-06-25,"""Blignaut, Dewald""",135.1159,68.6785%
2025-06-25,"""Wei, Darren""",134.1620,68.1936%
2025-06-25,"""Moolman, Adrian""",133.9355,68.0785%
2025-06-25,"""Plein, Aubrey""",126.2496,64.1718%
2025-06-25,"""Ngcobo, Thabo""",125.3850,63.7324%
2025-06-25,"""Horton, Mike""",123.1293,62.5858%
2025-06-25,"""Coetzee, Desmond""",121.2144,61.6125%
2025-06-25,"""X, Leehleza""",119.6657,60.8253%
2025-06-25,"""Gxagxa, Muzi""",118.8461,60.4087%
2025-06-25,"""Ferreira, Johan""",113.5324,57.7078%
2025-06-25,"""Goncalves, Francisco2""",111.3332,56.5899%
2025-06-25,"""Mthembu, Jacob""",108.4911,55.1453%
2025-06-25,"""Mj, Mj""",107.6186,54.7018%
2025-06-25,"""Gyarmati, Marlyn""",103.9995,52.8623%
2025-06-25,"""Naidoo, Saven""",102.7542,52.2293%
2025-06-25,"""Mqaise, Rudy""",100.6828,51.1764%
2025-06-25,"""Du Plooy, Dewald""",99.3152,50.4813%
2025-06-25,"""Coetzer, Jared""",96.9938,49.3013%
2025-06-25,"""Dias, Vic Senior""",93.9032,47.7304%
2025-06-25,"""Veysel, Karan""",93.1895,47.3676%
2025-06-25,"""Dias, Miguel""",90.9715,46.2402%
2025-06-25,"""Phaedi, Tiiso""",89.5083,45.4965%
2025-06-25,"""Bishop, Steven""",86.6420,44.0395%
2025-06-25,"""Msibi, Jabulani""",86.4943,43.9645%
2025-06-25,"""Lodge, Athelio""",86.2697,43.8503%
2025-06-25,"""Masike, Tebogo""",81.8888,41.6235%
2025-06-25,"""Goncalves, Rory""",80.8324,41.0866%
2025-06-25,"""Sukazi, Lindelihle""",75.5165,38.3845%
2025-06-25,"""Subotzky, Ryan""",74.5728,37.9049%
2025-06-25,"""Halim, Aadil""",74.2850,37.7586%
2025-06-25,"""Titizana, Zanemvula""",71.7893,36.4900%
2025-06-25,"""Levinrad, Dayne""",69.8594,35.5091%
2025-06-25,"""Maduna, Thabiso""",63.7371,32.3971%
2025-06-25,"""Van Schoor, Floyd""",59.9408,30.4675%
2025-06-25,"""Motloung, Sanele""",56.5614,28.7498%
2025-06-25,"""Blignaut, Nicole""",49.0052,24.9090%
2025-06-25,"""Ditsela, Richard""",47.8789,24.3365%
2025-06-25,"""Molefe, Kgotso""",38.9323,19.7890%
2025-06-25,"""Alho, Gabz""",28.5791,14.5266%
2025-06-25,"""Maluleka, Nkateko""",4.6020,2.3392%
2025-06-25,"""Coetzee, Marcel""",0.0000,0.0000%
2025-06-25,"""Name""",Stage Pts,Stage %
2025-06-25,"""Plein, Aubrey""",105.0000,100.00%
2025-06-25,"""Name""",Stage Pts,Stage %
2025-06-25,"""Goncalves, Francisco""",105.0000,100.00%
2025-06-25,"""Phaedi, Tiiso""",56.7239,54.02%
2025-06-25,"""Name""",Stage Pts,Stage %
2025-06-25,"""Da Cruz, David""",105.0000,100.00%
2025-06-25,"""Rabie, Theo""",95.9631,91.39%
2025-06-25,"""Wei, Darren""",87.6130,83.44%
2025-06-25,"""Morris, Bevan""",74.6879,71.13%
2025-06-25,"""Horton, Mike""",55.0286,52.41%
2025-06-25,"""Name""",Stage Pts,Stage %
2025-06-25,"""Plein, Noah""",105.0000,100.00%
2025-06-25,"""Moolman, Adrian 3""",98.0245,93.36%
2025-06-25,"""Moolman, Adrian 4""",88.8379,84.61%
2025-06-25,"""Moolman, Adrian 2""",87.6169,83.44%
2025-06-25,"""Knox, Nobby""",72.6528,69.19%
2025-06-25,"""Ferreira, Johan""",69.9230,66.59%
2025-06-25,"""Moolman, Adrian""",69.4365,66.13%
2025-06-25,"""Mj, Mj 2""",68.1498,64.90%
2025-06-25,"""Blignaut, Dewald""",65.8757,62.74%
2025-06-25,"""Coetzee, Desmond""",64.4483,61.38%
2025-06-25,"""Gxagxa, Muzi""",62.0458,59.09%
2025-06-25,"""Masike, Tebogo""",58.0311,55.27%
2025-06-25,"""Mqaise, Rudy""",49.6104,47.25%
2025-06-25,"""Mj, Mj""",49.4590,47.10%
2025-06-25,"""Levinrad, Dayne""",48.4303,46.12%
2025-06-25,"""Ditsela, Richard""",47.8789,45.60%
2025-06-25,"""Halim, Aadil""",46.0118,43.82%
2025-06-25,"""Coetzer, Jared""",45.9904,43.80%
2025-06-25,"""Lodge, Athelio""",45.4538,43.29%
2025-06-25,"""Bishop, Steven""",44.8136,42.68%
2025-06-25,"""Mthembu, Jacob""",44.2342,42.13%
2025-06-25,"""Msibi, Jabulani""",43.6852,41.60%
2025-06-25,"""Subotzky, Ryan""",42.6108,40.58%
2025-06-25,"""Gxagxa, Muzi 2""",36.5353,34.80%
2025-06-25,"""Motloung, Sanele""",35.4201,33.73%
2025-06-25,"""Blignaut, Nicole""",32.6057,31.05%
2025-06-25,"""Levinrad, Dayne 2""",32.3280,30.79%
2025-06-25,"""Ferreira, Johan 2""",30.7371,29.27%
2025-06-25,"""Molefe, Kgotso""",29.0783,27.69%
2025-06-25,"""Maduna, Thabiso""",27.6769,26.36%
2025-06-25,"""Van Schoor, Floyd""",27.1254,25.83%
2025-06-25,"""Maluleka, Nkateko""",4.6020,4.38%
2025-06-25,"""Alho, Gabz""",0.0000,0.00%
2025-06-25,"""Coetzee, Marcel""",0.0000,0.00%
2025-06-25,"""Name""",Stage Pts,Stage %
2025-06-25,"""De Gouveia, Roberto""",105.0000,100.00%
2025-06-25,"""De Gouveia, Roberto 3""",100.0897,95.32%
2025-06-25,"""Gillespie, Josh 2""",97.2691,92.64%
2025-06-25,"""X, Ghost""",85.7339,81.65%
2025-06-25,"""Gillespie, Josh""",84.7685,80.73%
2025-06-25,"""De Gouveia, Roberto 2""",78.2355,74.51%
2025-06-25,"""Ngcobo, Thabo""",74.5730,71.02%
2025-06-25,"""Bishop, Mark""",74.2267,70.69%
2025-06-25,"""X, Leehleza 2""",67.9760,64.74%
2025-06-25,"""X, Leehleza""",67.3401,64.13%
2025-06-25,"""Sukazi, Lindelihle""",54.7811,52.17%
2025-06-25,"""Goncalves, Francisco2""",50.8345,48.41%
2025-06-25,"""Du Plooy, Dewald""",46.6777,44.45%
2025-06-25,"""Titizana, Zanemvula 2""",45.7744,43.59%
2025-06-25,"""Titizana, Zanemvula""",39.3542,37.48%
2025-06-25,"""Goncalves, Rory""",38.6735,36.83%
2025-06-25,"""Name""",Stage Pts,Stage %
2025-06-25,"""Naidoo, Saven 2""",105.0000,100.00%
2025-06-25,"""Gyarmati, Marlyn""",80.1724,76.35%
2025-06-25,"""Dias, Vic Senior""",73.1969,69.71%
2025-06-25,"""Veysel, Karan""",72.0832,68.65%
2025-06-25,"""Naidoo, Saven""",71.3562,67.96%
2025-06-25,"""Dias, Miguel""",67.2104,64.01%
2025-06-25,"""Name""",Stage Pts,Stage %
2025-06-25,"""Plein, Noah""",105.0000,100.00%
2025-06-25,"""De Gouveia, Roberto""",99.5180,94.78%
2025-06-25,"""Moolman, Adrian 3""",98.0245,93.36%
2025-06-25,"""De Gouveia, Roberto 3""",94.8640,90.35%
2025-06-25,"""Gillespie, Josh 2""",92.1907,87.80%
2025-06-25,"""Da Cruz, David""",91.7368,87.37%
2025-06-25,"""Moolman, Adrian 4""",88.8379,84.61%
2025-06-25,"""Moolman, Adrian 2""",87.6169,83.44%
2025-06-25,"""Rabie, Theo""",83.8414,79.85%
2025-06-25,"""Goncalves, Francisco""",81.6517,77.76%
2025-06-25,"""X, Ghost""",81.2577,77.39%
2025-06-25,"""Gillespie, Josh""",80.3428,76.52%
2025-06-25,"""Wei, Darren""",76.5461,72.90%
2025-06-25,"""De Gouveia, Roberto 2""",74.1508,70.62%
2025-06-25,"""Knox, Nobby""",72.6528,69.19%
2025-06-25,"""Ngcobo, Thabo""",70.6795,67.31%
2025-06-25,"""Bishop, Mark""",70.3513,67.00%
2025-06-25,"""Ferreira, Johan""",69.9230,66.59%
2025-06-25,"""Moolman, Adrian""",69.4365,66.13%
2025-06-25,"""Mj, Mj 2""",68.1498,64.90%
2025-06-25,"""Naidoo, Saven 2""",66.2559,63.10%
2025-06-25,"""Blignaut, Dewald""",65.8757,62.74%
2025-06-25,"""Morris, Bevan""",65.2536,62.15%
2025-06-25,"""Coetzee, Desmond""",64.4483,61.38%
2025-06-25,"""X, Leehleza 2""",64.4270,61.36%
2025-06-25,"""X, Leehleza""",63.8243,60.79%
2025-06-25,"""Gxagxa, Muzi""",62.0458,59.09%
2025-06-25,"""Masike, Tebogo""",58.0311,55.27%
2025-06-25,"""Plein, Aubrey""",56.3063,53.63%
2025-06-25,"""Sukazi, Lindelihle""",51.9210,49.45%
2025-06-25,"""Gyarmati, Marlyn""",50.5895,48.18%
2025-06-25,"""Mqaise, Rudy""",49.6104,47.25%
2025-06-25,"""Mj, Mj""",49.4590,47.10%
2025-06-25,"""Levinrad, Dayne""",48.4303,46.12%
2025-06-25,"""Goncalves, Francisco2""",48.1805,45.89%
2025-06-25,"""Horton, Mike""",48.0777,45.79%
2025-06-25,"""Ditsela, Richard""",47.8789,45.60%
2025-06-25,"""Dias, Vic Senior""",46.1878,43.99%
2025-06-25,"""Halim, Aadil""",46.0118,43.82%
2025-06-25,"""Coetzer, Jared""",45.9904,43.80%
2025-06-25,"""Veysel, Karan""",45.4851,43.32%
2025-06-25,"""Lodge, Athelio""",45.4538,43.29%
2025-06-25,"""Naidoo, Saven""",45.0264,42.88%
2025-06-25,"""Bishop, Steven""",44.8136,42.68%
2025-06-25,"""Du Plooy, Dewald""",44.2407,42.13%
2025-06-25,"""Mthembu, Jacob""",44.2342,42.13%
2025-06-25,"""Phaedi, Tiiso""",44.1105,42.01%
2025-06-25,"""Msibi, Jabulani""",43.6852,41.60%
2025-06-25,"""Titizana, Zanemvula 2""",43.3845,41.32%
2025-06-25,"""Subotzky, Ryan""",42.6108,40.58%
2025-06-25,"""Dias, Miguel""",42.4103,40.39%
2025-06-25,"""Titizana, Zanemvula""",37.2995,35.52%
2025-06-25,"""Goncalves, Rory""",36.6544,34.91%
2025-06-25,"""Gxagxa, Muzi 2""",36.5353,34.80%
2025-06-25,"""Motloung, Sanele""",35.4201,33.73%
2025-06-25,"""Blignaut, Nicole""",32.6057,31.05%
2025-06-25,"""Levinrad, Dayne 2""",32.3280,30.79%
2025-06-25,"""Ferreira, Johan 2""",30.7371,29.27%
2025-06-25,"""Molefe, Kgotso""",29.0783,27.69%
2025-06-25,"""Maduna, Thabiso""",27.6769,26.36%
2025-06-25,"""Van Schoor, Floyd""",27.1254,25.83%
2025-06-25,"""Maluleka, Nkateko""",4.6020,4.38%
2025-06-25,"""Alho, Gabz""",0.0000,0.00%
2025-06-25,"""Coetzee, Marcel""",0.0000,0.00%
2025-06-25,"""Name""",Stage Pts,Stage %
2025-06-25,"""Plein, Aubrey""",105.0000,100.00%
2025-06-25,"""Name""",Stage Pts,Stage %
2025-06-25,"""Goncalves, Francisco""",105.0000,100.00%
2025-06-25,"""Phaedi, Tiiso""",56.6954,54.00%
2025-06-25,"""Name""",Stage Pts,Stage %
2025-06-25,"""Da Cruz, David""",105.0000,100.00%
2025-06-25,"""Morris, Bevan""",83.7557,79.77%
2025-06-25,"""Rabie, Theo""",77.8505,74.14%
2025-06-25,"""Horton, Mike""",75.0516,71.48%
2025-06-25,"""Wei, Darren""",57.6159,54.87%
2025-06-25,"""Name""",Stage Pts,Stage %
2025-06-25,"""Moolman, Adrian 4""",105.0000,100.00%
2025-06-25,"""Moolman, Adrian 2""",103.1993,98.29%
2025-06-25,"""Plein, Noah""",100.2042,95.43%
2025-06-25,"""Moolman, Adrian 3""",93.4365,88.99%
2025-06-25,"""Knox, Nobby""",89.7102,85.44%
2025-06-25,"""Blignaut, Dewald""",86.6644,82.54%
2025-06-25,"""Moolman, Adrian""",80.7300,76.89%
2025-06-25,"""Mthembu, Jacob""",80.4270,76.60%
2025-06-25,"""Ferreira, Johan 2""",79.5958,75.81%
2025-06-25,"""Mj, Mj 2""",77.2740,73.59%
2025-06-25,"""Mj, Mj""",72.7954,69.33%
2025-06-25,"""Gxagxa, Muzi""",71.0940,67.71%
2025-06-25,"""Coetzee, Desmond""",71.0512,67.67%
2025-06-25,"""Mqaise, Rudy""",63.9247,60.88%
2025-06-25,"""Coetzer, Jared""",63.8383,60.80%
2025-06-25,"""Gxagxa, Muzi 2""",61.8784,58.93%
2025-06-25,"""Ferreira, Johan""",54.5837,51.98%
2025-06-25,"""Msibi, Jabulani""",53.5820,51.03%
2025-06-25,"""Levinrad, Dayne 2""",52.8822,50.36%
2025-06-25,"""Bishop, Steven""",52.3544,49.86%
2025-06-25,"""Lodge, Athelio""",51.0871,48.65%
2025-06-25,"""Maduna, Thabiso""",45.1347,42.99%
2025-06-25,"""Van Schoor, Floyd""",41.0733,39.12%
2025-06-25,"""Subotzky, Ryan""",40.0052,38.10%
2025-06-25,"""Alho, Gabz""",35.7710,34.07%
2025-06-25,"""Halim, Aadil""",35.3881,33.70%
2025-06-25,"""Masike, Tebogo""",29.8614,28.44%
2025-06-25,"""Levinrad, Dayne""",26.8216,25.54%
2025-06-25,"""Motloung, Sanele""",26.4615,25.20%
2025-06-25,"""Blignaut, Nicole""",20.5264,19.55%
2025-06-25,"""Molefe, Kgotso""",12.3338,11.75%
2025-06-25,"""Coetzee, Marcel""",0.0000,0.00%
2025-06-25,"""Ditsela, Richard""",0.0000,0.00%
2025-06-25,"""Maluleka, Nkateko""",0.0000,0.00%
2025-06-25,"""Name""",Stage Pts,Stage %
2025-06-25,"""De Gouveia, Roberto 3""",105.0000,100.00%
2025-06-25,"""De Gouveia, Roberto""",84.0352,80.03%
2025-06-25,"""X, Ghost""",82.4346,78.51%
2025-06-25,"""De Gouveia, Roberto 2""",78.1174,74.40%
2025-06-25,"""Gillespie, Josh 2""",76.8278,73.17%
2025-06-25,"""Bishop, Mark""",72.6939,69.23%
2025-06-25,"""Goncalves, Francisco2""",63.0382,60.04%
2025-06-25,"""Gillespie, Josh""",60.2720,57.40%
2025-06-25,"""X, Leehleza""",55.7402,53.09%
2025-06-25,"""Du Plooy, Dewald""",54.9747,52.36%
2025-06-25,"""Ngcobo, Thabo""",54.6063,52.01%
2025-06-25,"""Titizana, Zanemvula 2""",44.6969,42.57%
2025-06-25,"""Goncalves, Rory""",44.0979,42.00%
2025-06-25,"""X, Leehleza 2""",43.9201,41.83%
2025-06-25,"""Titizana, Zanemvula""",34.4273,32.79%
2025-06-25,"""Sukazi, Lindelihle""",23.5527,22.43%
2025-06-25,"""Name""",Stage Pts,Stage %
2025-06-25,"""Naidoo, Saven""",105.0000,100.00%
2025-06-25,"""Gyarmati, Marlyn""",97.1466,92.52%
2025-06-25,"""Naidoo, Saven 2""",92.3513,87.95%
2025-06-25,"""Dias, Miguel""",88.3270,84.12%
2025-06-25,"""Dias, Vic Senior""",86.7886,82.66%
2025-06-25,"""Veysel, Karan""",86.7687,82.64%
2025-06-25,"""De Gouveia, Roberto 3""",199.8640,100.0000%
2025-06-25,"""Da Cruz, David""",196.5465,98.3401%
2025-06-25,"""Plein, Noah""",184.9127,92.5193%
2025-06-25,"""De Gouveia, Roberto""",183.5532,91.8391%
2025-06-25,"""Moolman, Adrian 4""",172.5752,86.3463%
2025-06-25,"""Moolman, Adrian 3""",172.5399,86.3287%
2025-06-25,"""Moolman, Adrian 2""",169.9182,85.0169%
2025-06-25,"""Gillespie, Josh 2""",169.0185,84.5668%
2025-06-25,"""Goncalves, Francisco""",165.5761,82.8444%
2025-06-25,"""X, Ghost""",163.6923,81.9018%
2025-06-25,"""Rabie, Theo""",161.5508,80.8304%
2025-06-25,"""De Gouveia, Roberto 2""",152.2682,76.1859%
2025-06-25,"""Morris, Bevan""",148.8575,74.4794%
2025-06-25,"""Knox, Nobby""",144.1965,72.1473%
2025-06-25,"""Bishop, Mark""",143.0452,71.5713%
2025-06-25,"""Gillespie, Josh""",140.6148,70.3552%
2025-06-25,"""Blignaut, Dewald""",134.9904,67.5411%
2025-06-25,"""Wei, Darren""",134.0576,67.0744%
2025-06-25,"""Moolman, Adrian""",133.8185,66.9548%
2025-06-25,"""Mj, Mj 2""",129.7756,64.9320%
2025-06-25,"""Plein, Aubrey""",126.1228,63.1043%
2025-06-25,"""Ngcobo, Thabo""",125.2858,62.6855%
2025-06-25,"""Horton, Mike""",122.9933,61.5385%
2025-06-25,"""Coetzee, Desmond""",121.1115,60.5970%
2025-06-25,"""X, Leehleza""",119.5645,59.8229%
2025-06-25,"""Gxagxa, Muzi""",118.7431,59.4120%
2025-06-25,"""Naidoo, Saven 2""",116.9375,58.5085%
2025-06-25,"""Ferreira, Johan""",113.4534,56.7653%
2025-06-25,"""Goncalves, Francisco2""",111.2187,55.6472%
2025-06-25,"""Mthembu, Jacob""",108.3746,54.2242%
2025-06-25,"""X, Leehleza 2""",108.3471,54.2104%
2025-06-25,"""Mj, Mj""",107.5132,53.7932%
2025-06-25,"""Gyarmati, Marlyn""",103.9027,51.9867%
2025-06-25,"""Naidoo, Saven""",102.6495,51.3597%
2025-06-25,"""Mqaise, Rudy""",100.5902,50.3293%
2025-06-25,"""Du Plooy, Dewald""",99.2154,49.6415%
2025-06-25,"""Coetzer, Jared""",96.9013,48.4836%
2025-06-25,"""Ferreira, Johan 2""",94.2146,47.1394%
2025-06-25,"""Dias, Vic Senior""",93.8167,46.9403%
2025-06-25,"""Veysel, Karan""",93.1031,46.5832%
2025-06-25,"""Dias, Miguel""",90.8834,45.4726%
2025-06-25,"""Phaedi, Tiiso""",89.4260,44.7434%
2025-06-25,"""Titizana, Zanemvula 2""",88.0814,44.0707%
2025-06-25,"""Bishop, Steven""",86.5662,43.3126%
2025-06-25,"""Msibi, Jabulani""",86.4167,43.2378%
2025-06-25,"""Lodge, Athelio""",86.1957,43.1272%
2025-06-25,"""Gxagxa, Muzi 2""",85.8832,42.9708%
2025-06-25,"""Masike, Tebogo""",81.8455,40.9506%
2025-06-25,"""Goncalves, Rory""",80.7523,40.4036%
2025-06-25,"""Sukazi, Lindelihle""",75.4737,37.7625%
2025-06-25,"""Subotzky, Ryan""",74.5149,37.2828%
2025-06-25,"""Levinrad, Dayne 2""",74.5014,37.2760%
2025-06-25,"""Halim, Aadil""",74.2337,37.1421%
2025-06-25,"""Titizana, Zanemvula""",71.7268,35.8878%
2025-06-25,"""Levinrad, Dayne""",69.8205,34.9340%
2025-06-25,"""Maduna, Thabiso""",63.6718,31.8576%
2025-06-25,"""Van Schoor, Floyd""",59.8813,29.9610%
2025-06-25,"""Motloung, Sanele""",56.5231,28.2808%
2025-06-25,"""Blignaut, Nicole""",48.9755,24.5044%
2025-06-25,"""Ditsela, Richard""",47.8789,23.9557%
2025-06-25,"""Molefe, Kgotso""",38.9145,19.4705%
2025-06-25,"""Alho, Gabz""",28.5273,14.2734%
2025-06-25,"""Maluleka, Nkateko""",4.6020,2.3026%
2025-06-25,"""Coetzee, Marcel""",0.0000,0.0000%
